id,street,city,zip,state,beds,baths,sq__ft,type,price
1,3526 HIGH ST,SACRAMENTO,95838,CA,2,1,836,Residential,59222
2,51 OMAHA CT,SACRAMENTO,95823,CA,3,1,1167,Residential,68212
3,2796 BRANCH ST,SACRAMENTO,95815,CA,2,1,796,Residential,68880
4,2805 JANETTE WAY,SACRAMENTO,95815,CA,2,1,852,Residential,69307
5,6001 MCMAHON DR,SACRAMENTO,95824,CA,2,1,797,Residential,81900
6,5828 PEPPERMILL CT,SACRAMENTO,95841,CA,3,1,1122,Condo,89921
7,6048 OGDEN NASH WAY,SACRAMENTO,95842,CA,3,2,1104,Residential,90895
8,2561 19TH AVE,SACRAMENTO,95820,CA,3,1,1177,Residential,91002
9,11150 TRINITY RIVER DR Unit 114,RANCHO CORDOVA,95670,CA,2,2,941,Condo,94905
10,7325 10TH ST,RIO LINDA,95673,CA,3,2,1146,Residential,98937
11,645 MORRISON AVE,SACRAMENTO,95838,CA,3,2,909,Residential,100309
12,4085 FAWN CIR,SACRAMENTO,95823,CA,3,2,1289,Residential,106250
13,2930 LA ROSA RD,SACRAMENTO,95815,CA,1,1,871,Residential,106852
14,2113 KIRK WAY,SACRAMENTO,95822,CA,3,1,1020,Residential,107502
15,4533 LOCH HAVEN WAY,SACRAMENTO,95842,CA,2,2,1022,Residential,108750
16,7340 HAMDEN PL,SACRAMENTO,95842,CA,2,2,1134,Condo,110700
17,6715 6TH ST,RIO LINDA,95673,CA,2,1,844,Residential,113263
18,6236 LONGFORD DR Unit 1,CITRUS HEIGHTS,95621,CA,2,1,795,Condo,116250
19,250 PERALTA AVE,SACRAMENTO,95833,CA,2,1,588,Residential,120000
20,113 LEEWILL AVE,RIO LINDA,95673,CA,3,2,1356,Residential,121630
21,6118 STONEHAND AVE,CITRUS HEIGHTS,95621,CA,3,2,1118,Residential,122000
22,4882 BANDALIN WAY,SACRAMENTO,95823,CA,4,2,1329,Residential,122682
23,7511 OAKVALE CT,NORTH HIGHLANDS,95660,CA,4,2,1240,Residential,123000
24,9 PASTURE CT,SACRAMENTO,95834,CA,3,2,1601,Residential,124100
25,3729 BAINBRIDGE DR,NORTH HIGHLANDS,95660,CA,3,2,901,Residential,125000
26,3828 BLACKFOOT WAY,ANTELOPE,95843,CA,3,2,1088,Residential,126640
27,4108 NORTON WAY,SACRAMENTO,95820,CA,3,1,963,Residential,127281
28,1469 JANRICK AVE,SACRAMENTO,95832,CA,3,2,1119,Residential,129000
29,9861 CULP WAY,SACRAMENTO,95827,CA,4,2,1380,Residential,131200
30,7825 CREEK VALLEY CIR,SACRAMENTO,95828,CA,3,2,1248,Residential,132000
31,5201 LAGUNA OAKS DR Unit 140,ELK GROVE,95758,CA,2,2,1039,Condo,133000
32,6768 MEDORA DR,NORTH HIGHLANDS,95660,CA,3,2,1152,Residential,134555
33,3100 EXPLORER DR,SACRAMENTO,95827,CA,3,2,1380,Residential,136500
34,7944 DOMINION WAY,ELVERTA,95626,CA,3,2,1116,Residential,138750
35,5201 LAGUNA OAKS DR Unit 162,ELK GROVE,95758,CA,2,2,1039,Condo,141000
36,3920 SHINING STAR DR,SACRAMENTO,95823,CA,3,2,1418,Residential,146250
37,5031 CORVAIR ST,NORTH HIGHLANDS,95660,CA,3,2,1082,Residential,147308
38,7661 NIXOS WAY,SACRAMENTO,95823,CA,4,2,1472,Residential,148750
39,7044 CARTHY WAY,SACRAMENTO,95828,CA,4,2,1146,Residential,149593
40,2442 LARKSPUR LN,SACRAMENTO,95825,CA,1,1,760,Condo,150000
41,4800 WESTLAKE PKWY Unit 2109,SACRAMENTO,95835,CA,2,2,1304,Condo,152000
42,2178 63RD AVE,SACRAMENTO,95822,CA,3,2,1207,Residential,154000
43,8718 ELK WAY,ELK GROVE,95624,CA,3,2,1056,Residential,156896
44,5708 RIDGEPOINT DR,ANTELOPE,95843,CA,2,2,1043,Residential,161250
45,7315 KOALA CT,NORTH HIGHLANDS,95660,CA,4,2,1587,Residential,161500
46,2622 ERIN DR,SACRAMENTO,95833,CA,4,1,1120,Residential,164000
47,8421 SUNBLAZE WAY,SACRAMENTO,95823,CA,4,2,1580,Residential,165000
48,7420 ALIX PKWY,SACRAMENTO,95823,CA,4,1,1955,Residential,166357
49,3820 NATOMA WAY,SACRAMENTO,95838,CA,4,2,1656,Residential,166357
50,4431 GREEN TREE DR,SACRAMENTO,95823,CA,3,2,1477,Residential,168000
51,9417 SARA ST,ELK GROVE,95624,CA,3,2,1188,Residential,170000
52,8299 HALBRITE WAY,SACRAMENTO,95828,CA,4,2,1590,Residential,173000
53,7223 KALLIE KAY LN,SACRAMENTO,95823,CA,3,2,1463,Residential,174250
54,8156 STEINBECK WAY,SACRAMENTO,95828,CA,4,2,1714,Residential,174313
55,7957 VALLEY GREEN DR,SACRAMENTO,95823,CA,3,2,1185,Residential,178480
56,1122 WILD POPPY CT,GALT,95632,CA,3,2,1406,Residential,178760
57,4520 BOMARK WAY,SACRAMENTO,95842,CA,4,2,1943,Multi-Family,179580
58,9012 KIEFER BLVD,SACRAMENTO,95826,CA,3,2,1172,Residential,181000
59,5332 SANDSTONE ST,CARMICHAEL,95608,CA,3,1,1152,Residential,181872
60,5993 SAWYER CIR,SACRAMENTO,95823,CA,4,3,1851,Residential,182587
61,4844 CLYDEBANK WAY,ANTELOPE,95843,CA,3,2,1215,Residential,182716
62,306 CAMELLIA WAY,GALT,95632,CA,3,2,1130,Residential,182750
63,9021 MADISON AVE,ORANGEVALE,95662,CA,4,2,1603,Residential,183200
64,404 6TH ST,GALT,95632,CA,3,1,1479,Residential,188741
65,8317 SUNNY CREEK WAY,SACRAMENTO,95823,CA,3,2,1420,Residential,189000
66,2617 BASS CT,SACRAMENTO,95826,CA,3,2,1280,Residential,192067
67,7005 TIANT WAY,ELK GROVE,95758,CA,3,2,1586,Residential,194000
68,7895 CABER WAY,ANTELOPE,95843,CA,3,2,1362,Residential,194818
69,7624 BOGEY CT,SACRAMENTO,95828,CA,4,4,2162,Multi-Family,195000
70,6930 HAMPTON COVE WAY,SACRAMENTO,95823,CA,3,2,1266,Residential,198000
71,8708 MESA BROOK WAY,ELK GROVE,95624,CA,4,2,1715,Residential,199500
72,120 GRANT LN,FOLSOM,95630,CA,3,2,1820,Residential,200000
73,5907 ELLERSLEE DR,CARMICHAEL,95608,CA,3,1,936,Residential,200000
74,17 SERASPI CT,SACRAMENTO,95834,CA,0,0,0,Residential,206000
75,170 PENHOW CIR,SACRAMENTO,95834,CA,3,2,1511,Residential,208000
76,8345 STAR THISTLE WAY,SACRAMENTO,95823,CA,4,2,1590,Residential,212864
77,9080 FRESCA WAY,ELK GROVE,95758,CA,4,2,1596,Residential,221000
78,391 NATALINO CIR,SACRAMENTO,95835,CA,2,2,1341,Residential,221000
79,8373 BLACKMAN WAY,ELK GROVE,95624,CA,5,3,2136,Residential,223058
80,9837 CORTE DORADO CT,ELK GROVE,95624,CA,4,2,1616,Residential,227887
81,5037 J PKWY,SACRAMENTO,95823,CA,3,2,1478,Residential,231477
82,10245 LOS PALOS DR,RANCHO CORDOVA,95670,CA,3,2,1287,Residential,234697
83,6613 NAVION DR,CITRUS HEIGHTS,95621,CA,4,2,1277,Residential,235000
84,2887 AZEVEDO DR,SACRAMENTO,95833,CA,4,2,1448,Residential,236000
85,9186 KINBRACE CT,SACRAMENTO,95829,CA,4,3,2235,Residential,236685
86,4243 MIDDLEBURY WAY,MATHER,95655,CA,3,2,2093,Residential,237800
87,1028 FALLON PLACE CT,RIO LINDA,95673,CA,3,2,1193,Residential,240122
88,4804 NORIKER DR,ELK GROVE,95757,CA,3,2,2163,Residential,242638
89,7713 HARVEST WOODS DR,SACRAMENTO,95828,CA,3,2,1269,Residential,244000
90,2866 KARITSA AVE,SACRAMENTO,95833,CA,0,0,0,Residential,244500
91,6913 RICHEVE WAY,SACRAMENTO,95828,CA,3,1,958,Residential,244960
92,8636 TEGEA WAY,ELK GROVE,95624,CA,5,3,2508,Residential,245918
93,5448 MAIDSTONE WAY,CITRUS HEIGHTS,95621,CA,3,2,1305,Residential,250000
94,18 OLLIE CT,ELK GROVE,95758,CA,4,2,1591,Residential,250000
95,4010 ALEX LN,CARMICHAEL,95608,CA,2,2,1326,Condo,250134
96,4901 MILLNER WAY,ELK GROVE,95757,CA,3,2,1843,Residential,254200
97,4818 BRITTNEY LEE CT,SACRAMENTO,95841,CA,4,2,1921,Residential,254200
98,5529 LAGUNA PARK DR,ELK GROVE,95758,CA,5,3,2790,Residential,258000
99,230 CANDELA CIR,SACRAMENTO,95835,CA,3,2,1541,Residential,260000
100,4900 71ST ST,SACRAMENTO,95820,CA,3,1,1018,Residential,260014
101,12209 CONSERVANCY WAY,RANCHO CORDOVA,95742,CA,0,0,0,Residential,263500
102,4236 NATOMAS CENTRAL DR,SACRAMENTO,95834,CA,3,2,1672,Condo,265000
103,5615 LUPIN LN,POLLOCK PINES,95726,CA,3,2,1380,Residential,265000
104,5625 JAMES WAY,SACRAMENTO,95822,CA,3,1,975,Residential,271742
105,7842 LAHONTAN CT,SACRAMENTO,95829,CA,4,3,2372,Residential,273750
106,6850 21ST ST,SACRAMENTO,95822,CA,3,2,1446,Residential,275086
107,2900 BLAIR RD,POLLOCK PINES,95726,CA,2,2,1284,Residential,280908
108,2064 EXPEDITION WAY,SACRAMENTO,95832,CA,4,3,3009,Residential,280987
109,2912 NORCADE CIR,SACRAMENTO,95826,CA,8,4,3612,Multi-Family,282400
110,9507 SEA CLIFF WAY,ELK GROVE,95758,CA,4,2,2056,Residential,285000
111,8882 AUTUMN GOLD CT,ELK GROVE,95624,CA,4,2,1993,Residential,287417
112,5322 WHITE LOTUS WAY,ELK GROVE,95757,CA,3,2,1857,Residential,291000
113,1838 CASTRO WAY,SACRAMENTO,95818,CA,2,1,1126,Residential,292024
114,10158 CRAWFORD WAY,SACRAMENTO,95827,CA,4,4,2213,Multi-Family,297000
115,7731 MASTERS ST,ELK GROVE,95758,CA,5,3,2494,Residential,297000
116,4925 PERCHERON DR,ELK GROVE,95757,CA,3,2,1843,Residential,298000
117,2010 PROMONTORY POINT LN,GOLD RIVER,95670,CA,2,2,1520,Residential,299000
118,4727 SAVOIE WAY,SACRAMENTO,95835,CA,5,3,2800,Residential,304037
119,8664 MAGNOLIA HILL WAY,ELK GROVE,95624,CA,4,2,2309,Residential,311000
120,9570 HARVEST ROSE WAY,SACRAMENTO,95827,CA,5,3,2367,Residential,315537
121,4359 CREGAN CT,RANCHO CORDOVA,95742,CA,5,4,3516,Residential,320000
122,5337 DUSTY ROSE WAY,RANCHO CORDOVA,95742,CA,0,0,0,Residential,320000
123,8929 SUTTERS GOLD DR,SACRAMENTO,95826,CA,4,3,1914,Residential,328360
124,8025 PEERLESS AVE,ORANGEVALE,95662,CA,2,1,1690,Residential,334150
125,4620 WELERA WAY,ELK GROVE,95757,CA,3,3,2725,Residential,335750
126,9723 TERRAPIN CT,ELK GROVE,95757,CA,4,3,2354,Residential,335750
127,2115 SMOKESTACK WAY,SACRAMENTO,95833,CA,0,0,0,Residential,339500
128,100 REBECCA WAY,FOLSOM,95630,CA,3,2,2185,Residential,344250
129,9488 OAK VILLAGE WAY,ELK GROVE,95758,CA,4,2,1801,Residential,346210
130,8495 DARTFORD DR,SACRAMENTO,95823,CA,3,3,1961,Residential,347029
131,6708 PONTA DO SOL WAY,ELK GROVE,95757,CA,4,2,3134,Residential,347650
132,4143 SEA MEADOW WAY,SACRAMENTO,95823,CA,4,3,1915,Residential,351300
133,3020 RICHARDSON CIR,EL DORADO HILLS,95762,CA,3,2,0,Residential,352000
134,8082 LINDA ISLE LN,SACRAMENTO,95831,CA,0,0,0,Residential,370000
135,15300 MURIETA SOUTH PKWY,RANCHO MURIETA,95683,CA,4,3,2734,Residential,370500
136,11215 SHARRMONT CT,WILTON,95693,CA,3,2,2110,Residential,372000
137,7105 DANBERG WAY,ELK GROVE,95757,CA,5,3,3164,Residential,375000
138,5579 JERRY LITELL WAY,SACRAMENTO,95835,CA,5,3,3599,Residential,381300
139,1050 FOXHALL WAY,SACRAMENTO,95831,CA,4,2,2054,Residential,381942
140,7837 ABBINGTON WAY,ANTELOPE,95843,CA,4,2,1830,Residential,387731
141,1300 F ST,SACRAMENTO,95814,CA,3,3,1627,Residential,391000
142,6801 RAWLEY WAY,ELK GROVE,95757,CA,4,3,3440,Residential,394470
143,1693 SHELTER COVE DR,GREENWOOD,95635,CA,3,2,2846,Residential,395000
144,9361 WADDELL LN,ELK GROVE,95624,CA,4,3,2359,Residential,400186
145,10 SEA FOAM CT,SACRAMENTO,95831,CA,3,3,2052,Residential,415000
146,6945 RIO TEJO WAY,ELK GROVE,95757,CA,5,3,3433,Residential,425000
147,4186 TULIP PARK WAY,RANCHO CORDOVA,95742,CA,5,3,3615,Residential,430000
148,9278 DAIRY CT,ELK GROVE,95624,CA,0,0,0,Residential,445000
149,207 ORANGE BLOSSOM CIR Unit C,FOLSOM,95630,CA,5,3,2687,Residential,460000
150,6507 RIO DE ONAR WAY,ELK GROVE,95757,CA,4,3,2724,Residential,461000
151,7004 RAWLEY WAY,ELK GROVE,95757,CA,4,3,3440,Residential,489332
152,6503 RIO DE ONAR WAY,ELK GROVE,95757,CA,5,4,3508,Residential,510000
153,2217 APPALOOSA CT,FOLSOM,95630,CA,4,2,2462,Residential,539000
154,868 HILDEBRAND CIR,FOLSOM,95630,CA,0,0,0,Residential,585000
155,6030 PALERMO WAY,EL DORADO HILLS,95762,CA,4,3,0,Residential,600000
156,4070 REDONDO DR,EL DORADO HILLS,95762,CA,4,3,0,Residential,606238
157,4004 CRESTA WAY,SACRAMENTO,95864,CA,3,3,2325,Residential,660000
158,315 JUMEL CT,EL DORADO HILLS,95762,CA,6,5,0,Residential,830000
159,6272 LONGFORD DR Unit 1,CITRUS HEIGHTS,95621,CA,2,1,795,Condo,69000
160,3432 Y ST,SACRAMENTO,95817,CA,4,2,1099,Residential,70000
161,9512 EMERALD PARK DR Unit 3,ELK GROVE,95624,CA,2,1,840,Condo,71000
162,3132 CLAY ST,SACRAMENTO,95815,CA,2,1,800,Residential,78000
163,5221 38TH AVE,SACRAMENTO,95824,CA,2,1,746,Residential,78400
164,6112 HERMOSA ST,SACRAMENTO,95822,CA,3,1,1067,Residential,80000
165,483 ARCADE BLVD,SACRAMENTO,95815,CA,4,2,1316,Residential,89000
166,671 SONOMA AVE,SACRAMENTO,95815,CA,3,1,1337,Residential,90000
167,5980 79TH ST,SACRAMENTO,95824,CA,2,1,868,Residential,90000
168,7607 ELDER CREEK RD,SACRAMENTO,95824,CA,3,1,924,Residential,92000
169,5028 14TH AVE,SACRAMENTO,95820,CA,2,1,610,Residential,93675
170,14788 NATCHEZ CT,RANCHO MURIETA,95683,CA,0,0,0,Residential,97750
171,1069 ACACIA AVE,SACRAMENTO,95815,CA,2,1,1220,Residential,98000
172,5201 LAGUNA OAKS DR Unit 199,ELK GROVE,95758,CA,1,1,722,Condo,98000
173,3847 LAS PASAS WAY,SACRAMENTO,95864,CA,3,1,1643,Residential,99000
174,5201 LAGUNA OAKS DR Unit 172,ELK GROVE,95758,CA,1,1,722,Condo,100000
175,1121 CREEKSIDE WAY,GALT,95632,CA,3,1,1080,Residential,106716
176,5307 CABRILLO WAY,SACRAMENTO,95820,CA,3,1,1039,Residential,111000
177,3725 DON JULIO BLVD,NORTH HIGHLANDS,95660,CA,3,1,1051,Residential,111000
178,4803 MCCLOUD DR,SACRAMENTO,95842,CA,2,2,967,Residential,114800
179,10542 SILVERWOOD WAY,RANCHO CORDOVA,95670,CA,3,1,1098,Residential,120108
180,6318 39TH AVE,SACRAMENTO,95824,CA,3,1,1050,Residential,123225
181,211 MCDANIEL CIR,SACRAMENTO,95838,CA,3,2,1110,Residential,123750
182,3800 LYNHURST WAY,NORTH HIGHLANDS,95660,CA,3,1,888,Residential,125000
183,6139 HERMOSA ST,SACRAMENTO,95822,CA,3,2,1120,Residential,125000
184,2505 RHINE WAY,ELVERTA,95626,CA,3,2,1080,Residential,126000
185,3692 PAYNE WAY,NORTH HIGHLANDS,95660,CA,3,1,957,Residential,129000
186,604 MORRISON AVE,SACRAMENTO,95838,CA,2,1,952,Residential,134000
187,648 SANTA ANA AVE,SACRAMENTO,95838,CA,3,2,1211,Residential,135000
188,14 ASHLEY OAKS CT,SACRAMENTO,95815,CA,3,2,1264,Residential,135500
189,3174 NORTHVIEW DR,SACRAMENTO,95833,CA,3,1,1080,Residential,140000
190,840 TRANQUIL LN,GALT,95632,CA,3,2,1266,Residential,140000
191,5333 PRIMROSE DR Unit 19A,FAIR OAKS,95628,CA,2,2,994,Condo,142500
192,1035 MILLET WAY,SACRAMENTO,95834,CA,3,2,1202,Residential,143500
193,5201 LAGUNA OAKS DR Unit 126,ELK GROVE,95758,CA,0,0,0,Condo,145000
194,3328 22ND AVE,SACRAMENTO,95820,CA,2,1,722,Residential,145000
195,8001 HARTWICK WAY,SACRAMENTO,95828,CA,4,2,1448,Residential,145000
196,7812 HARTWICK WAY,SACRAMENTO,95828,CA,3,2,1188,Residential,145000
197,4207 PAINTER WAY,NORTH HIGHLANDS,95660,CA,4,2,1183,Residential,146000
198,7458 WINKLEY WAY,SACRAMENTO,95822,CA,3,1,1320,Residential,148500
199,8354 SUNRISE WOODS WAY,SACRAMENTO,95828,CA,3,2,1117,Residential,149000
200,8116 COTTONMILL CIR,SACRAMENTO,95828,CA,3,2,1364,Residential,150000
201,4660 CEDARWOOD WAY,SACRAMENTO,95823,CA,4,2,1310,Residential,150000
202,9254 HARROGATE WAY,ELK GROVE,95758,CA,2,2,1006,Residential,152000
203,6716 TAREYTON WAY,CITRUS HEIGHTS,95621,CA,3,2,1104,Residential,156000
204,2028 ROBERT WAY,SACRAMENTO,95825,CA,2,1,810,Residential,156000
205,9346 AIZENBERG CIR,ELK GROVE,95624,CA,2,2,1123,Residential,156000
206,4524 LOCH HAVEN WAY,SACRAMENTO,95842,CA,2,1,904,Residential,157788
207,7140 BLUE SPRINGS WAY,CITRUS HEIGHTS,95621,CA,3,2,1156,Residential,161653
208,4631 11TH AVE,SACRAMENTO,95820,CA,2,1,1321,Residential,161829
209,3228 BAGGAN CT,ANTELOPE,95843,CA,3,2,1392,Residential,165000
210,8515 DARTFORD DR,SACRAMENTO,95823,CA,3,2,1439,Residential,168000
211,4500 TIPPWOOD WAY,SACRAMENTO,95842,CA,3,2,1159,Residential,169000
212,2460 EL ROCCO WAY,RANCHO CORDOVA,95670,CA,3,2,1671,Residential,175000
213,8244 SUNBIRD WAY,SACRAMENTO,95823,CA,3,2,1740,Residential,176250
214,5841 VALLEY VALE WAY,SACRAMENTO,95823,CA,3,2,1265,Residential,179000
215,7863 CRESTLEIGH CT,ANTELOPE,95843,CA,2,2,1007,Residential,180000
216,7129 SPRINGMONT DR,ELK GROVE,95758,CA,3,2,1716,Residential,180400
217,8284 RED FOX WAY,ELK GROVE,95758,CA,4,2,1685,Residential,182000
218,2219 EL CANTO CIR,RANCHO CORDOVA,95670,CA,4,2,1829,Residential,184500
219,8907 GEMWOOD WAY,ELK GROVE,95758,CA,3,2,1555,Residential,185000
220,5925 MALEVILLE AVE,CARMICHAEL,95608,CA,4,2,1120,Residential,189000
221,7031 CANEVALLEY CIR,CITRUS HEIGHTS,95621,CA,3,2,1137,Residential,194000
222,3949 WILDROSE WAY,SACRAMENTO,95826,CA,3,1,1174,Residential,195000
223,4437 MITCHUM CT,ANTELOPE,95843,CA,3,2,1393,Residential,200000
224,2778 KAWEAH CT,CAMERON PARK,95682,CA,3,1,0,Residential,201000
225,1636 ALLENWOOD CIR,LINCOLN,95648,CA,4,2,0,Residential,202500
226,8151 QUAIL RIDGE CT,SACRAMENTO,95828,CA,3,2,1289,Residential,205000
227,4899 WIND CREEK DR,SACRAMENTO,95838,CA,4,2,1799,Residential,205000
228,2370 BIG CANYON CREEK RD,PLACERVILLE,95667,CA,3,2,0,Residential,205000
229,6049 HAMBURG WAY,SACRAMENTO,95823,CA,4,3,1953,Residential,205000
230,4232 71ST ST,SACRAMENTO,95820,CA,2,1,723,Residential,207000
231,3361 BOW MAR CT,CAMERON PARK,95682,CA,2,2,0,Residential,210000
232,1889 COLD SPRINGS RD,PLACERVILLE,95667,CA,2,1,948,Residential,211500
233,5805 HIMALAYA WAY,CITRUS HEIGHTS,95621,CA,4,2,1578,Residential,215000
234,7944 SYLVAN OAK WAY,CITRUS HEIGHTS,95610,CA,3,2,1317,Residential,215000
235,3139 SPOONWOOD WAY Unit 1,SACRAMENTO,95833,CA,0,0,0,Residential,215500
236,6217 LEOLA WAY,SACRAMENTO,95824,CA,3,1,1360,Residential,222381
237,2340 HURLEY WAY,SACRAMENTO,95825,CA,0,0,0,Condo,225000
238,3035 BRUNNET LN,SACRAMENTO,95833,CA,3,2,1522,Residential,225000
239,3025 EL PRADO WAY,SACRAMENTO,95825,CA,4,2,1751,Residential,225000
240,9387 GRANITE FALLS CT,ELK GROVE,95624,CA,3,2,1465,Residential,225000
241,9257 CALDERA WAY,SACRAMENTO,95826,CA,4,2,1605,Residential,228000
242,441 ARLINGDALE CIR,RIO LINDA,95673,CA,4,2,1475,Residential,229665
243,2284 LOS ROBLES RD,MEADOW VISTA,95722,CA,3,1,1216,Residential,230000
244,8164 CHENIN BLANC LN,FAIR OAKS,95628,CA,2,2,1315,Residential,230000
245,4620 CHAMBERLIN CIR,ELK GROVE,95757,CA,3,2,1567,Residential,230000
246,5340 BIRK WAY,SACRAMENTO,95835,CA,3,2,1776,Residential,234000
247,51 ANJOU CIR,SACRAMENTO,95835,CA,3,2,2187,Residential,235000
248,2125 22ND AVE,SACRAMENTO,95822,CA,3,1,1291,Residential,236250
249,611 BLOSSOM ROCK LN,FOLSOM,95630,CA,0,0,0,Condo,240000
250,8830 ADUR RD,ELK GROVE,95624,CA,0,0,0,Residential,242000
251,7344 BUTTERBALL WAY,SACRAMENTO,95842,CA,3,2,1503,Residential,245000
252,8219 GWINHURST CIR,SACRAMENTO,95828,CA,4,3,2491,Residential,245000
253,3240 S ST,SACRAMENTO,95816,CA,2,1,1269,Residential,245000
254,221 PICASSO CIR,SACRAMENTO,95835,CA,0,0,0,Residential,250000
255,5706 GREENACRES WAY,ORANGEVALE,95662,CA,3,2,1176,Residential,250000
256,6900 LONICERA DR,ORANGEVALE,95662,CA,4,2,1456,Residential,250000
257,419 DAWNRIDGE RD,ROSEVILLE,95678,CA,3,2,1498,Residential,250000
258,5312 MARBURY WAY,ANTELOPE,95843,CA,3,2,1574,Residential,255000
259,6344 BONHAM CIR,CITRUS HEIGHTS,95610,CA,5,4,2085,Multi-Family,256054
260,8207 YORKTON WAY,SACRAMENTO,95829,CA,3,2,2170,Residential,257729
261,7922 MANSELL WAY,ELK GROVE,95758,CA,4,2,1595,Residential,260000
262,5712 MELBURY CIR,ANTELOPE,95843,CA,3,2,1567,Residential,261000
263,632 NEWBRIDGE LN,LINCOLN,95648,CA,4,2,0,Residential,261800
264,1570 GLIDDEN AVE,SACRAMENTO,95822,CA,4,2,1253,Residential,264469
265,8108 FILIFERA WAY,ANTELOPE,95843,CA,4,3,1768,Residential,265000
266,230 BANKSIDE WAY,SACRAMENTO,95835,CA,0,0,0,Residential,270000
267,5342 CALABRIA WAY,SACRAMENTO,95835,CA,4,3,2030,Residential,270000
268,47 NAPONEE CT,SACRAMENTO,95835,CA,3,2,1531,Residential,270000
269,4236 ADRIATIC SEA WAY,SACRAMENTO,95834,CA,0,0,0,Residential,270000
270,8864 REMBRANT CT,ELK GROVE,95624,CA,4,3,1653,Residential,275000
271,9455 SEA CLIFF WAY,ELK GROVE,95758,CA,4,2,2056,Residential,275000
272,9720 LITTLE HARBOR WAY,ELK GROVE,95624,CA,4,3,2494,Residential,280000
273,8806 PHOENIX AVE,FAIR OAKS,95628,CA,3,2,1450,Residential,286013
274,3578 LOGGERHEAD WAY,SACRAMENTO,95834,CA,4,2,2169,Residential,292000
275,1416 LOCKHART WAY,ROSEVILLE,95747,CA,3,2,1440,Residential,292000
276,5413 BUENA VENTURA WAY,FAIR OAKS,95628,CA,3,2,1527,Residential,293993
277,37 WHITE BIRCH CT,ROSEVILLE,95678,CA,3,2,1401,Residential,294000
278,405 MARLIN SPIKE WAY,SACRAMENTO,95838,CA,3,2,1411,Residential,296769
279,1102 CHESLEY LN,LINCOLN,95648,CA,4,4,0,Residential,297500
280,11281 STANFORD COURT LN Unit 604,GOLD RIVER,95670,CA,0,0,0,Condo,300000
281,7320 6TH ST,RIO LINDA,95673,CA,3,1,1284,Residential,300000
282,993 MANTON CT,GALT,95632,CA,4,3,2307,Residential,300000
283,4487 PANORAMA DR,PLACERVILLE,95667,CA,3,2,1329,Residential,300000
284,5651 OVERLEAF WAY,SACRAMENTO,95835,CA,4,2,1910,Residential,300500
285,2015 PROMONTORY POINT LN,GOLD RIVER,95670,CA,3,2,1981,Residential,305000
286,3224 PARKHAM DR,ROSEVILLE,95747,CA,0,0,0,Residential,306500
287,15 VANESSA PL,SACRAMENTO,95835,CA,0,0,0,Residential,312500
288,1312 RENISON LN,LINCOLN,95648,CA,5,3,0,Residential,315000
289,8 RIVER RAFT CT,SACRAMENTO,95823,CA,4,2,2205,Residential,319789
290,2251 LAMPLIGHT LN,LINCOLN,95648,CA,2,2,1449,Residential,330000
291,106 FARHAM DR,FOLSOM,95630,CA,3,2,1258,Residential,330000
292,5405 NECTAR CIR,ELK GROVE,95757,CA,3,2,2575,Residential,331000
293,5411 10TH AVE,SACRAMENTO,95820,CA,2,1,539,Residential,334000
294,3512 RAINSONG CIR,RANCHO CORDOVA,95670,CA,4,3,2208,Residential,336000
295,1106 55TH ST,SACRAMENTO,95819,CA,3,1,1108,Residential,339000
296,411 ILLSLEY WAY,FOLSOM,95630,CA,4,2,1595,Residential,339000
297,796 BUTTERCUP CIR,GALT,95632,CA,4,2,2159,Residential,345000
298,1230 SANDRA CIR,PLACERVILLE,95667,CA,4,3,2295,Residential,350000
299,318 ANACAPA DR,ROSEVILLE,95678,CA,3,2,1838,Residential,356000
300,3975 SHINING STAR DR,SACRAMENTO,95823,CA,4,2,1900,Residential,361745
301,1620 BASLER ST,SACRAMENTO,95811,CA,4,2,1718,Residential,361948
302,9688 NATURE TRAIL WAY,ELK GROVE,95757,CA,5,3,3389,Residential,370000
303,5924 TANUS CIR,ROCKLIN,95677,CA,4,2,0,Residential,380000
304,9629 CEDAR OAK WAY,ELK GROVE,95757,CA,5,4,3260,Residential,385000
305,3429 FERNBROOK CT,CAMERON PARK,95682,CA,3,2,2016,Residential,399000
306,2121 HANNAH WAY,ROCKLIN,95765,CA,4,2,2607,Residential,402000
307,10104 ANNIE ST,ELK GROVE,95757,CA,4,3,2724,Residential,406026
308,1092 MAUGHAM CT,GALT,95632,CA,5,4,3746,Residential,420000
309,5404 ALMOND FALLS WAY,RANCHO CORDOVA,95742,CA,0,0,0,Residential,425000
310,6306 CONEJO,RANCHO MURIETA,95683,CA,4,2,3192,Residential,425000
311,14 CASA VATONI PL,SACRAMENTO,95834,CA,0,0,0,Residential,433500
312,1456 EAGLESFIELD LN,LINCOLN,95648,CA,4,3,0,Residential,436746
313,4100 BOTHWELL CIR,EL DORADO HILLS,95762,CA,5,3,0,Residential,438700
314,427 21ST ST,SACRAMENTO,95811,CA,2,1,1247,Residential,445000
315,1044 GALSTON DR,FOLSOM,95630,CA,4,2,2581,Residential,450000
316,4440 SYCAMORE AVE,SACRAMENTO,95841,CA,3,1,2068,Residential,460000
317,1032 SOUZA DR,EL DORADO HILLS,95762,CA,3,2,0,Residential,460000
318,9760 LAZULITE CT,ELK GROVE,95624,CA,4,3,3992,Residential,460000
319,241 LANFRANCO CIR,SACRAMENTO,95835,CA,4,4,3397,Residential,465000
320,5559 NORTHBOROUGH DR,SACRAMENTO,95835,CA,5,3,3881,Residential,471750
321,2125 BIG SKY DR,ROCKLIN,95765,CA,5,3,0,Residential,480000
322,2109 HAMLET PL,CARMICHAEL,95608,CA,2,2,1598,Residential,484000
323,9970 STATE HIGHWAY 193,PLACERVILLE,95667,CA,4,3,1929,Residential,485000
324,2901 PINTAIL WAY,ELK GROVE,95757,CA,4,3,3070,Residential,495000
325,201 FIRESTONE DR,ROSEVILLE,95678,CA,0,0,0,Residential,500500
326,1740 HIGH ST,AUBURN,95603,CA,3,3,0,Residential,504000
327,2733 DANA LOOP,EL DORADO HILLS,95762,CA,0,0,0,Residential,541000
328,9741 SADDLEBRED CT,WILTON,95693,CA,0,0,0,Residential,560000
329,7756 TIGERWOODS DR,SACRAMENTO,95829,CA,5,3,3984,Residential,572500
330,5709 RIVER OAK WAY,CARMICHAEL,95608,CA,4,2,2222,Residential,582000
331,2981 WRINGER DR,ROSEVILLE,95661,CA,4,3,3838,Residential,613401
332,8616 ROCKPORTE CT,ROSEVILLE,95747,CA,4,2,0,Residential,614000
333,4128 HILL ST,FAIR OAKS,95628,CA,5,5,2846,Residential,680000
334,1409 47TH ST,SACRAMENTO,95819,CA,5,2,2484,Residential,699000
335,3935 EL MONTE DR,LOOMIS,95650,CA,4,4,1624,Residential,839000
336,5840 WALERGA RD,SACRAMENTO,95842,CA,2,1,840,Condo,40000
337,923 FULTON AVE,SACRAMENTO,95825,CA,1,1,484,Condo,48000
338,261 REDONDO AVE,SACRAMENTO,95815,CA,3,1,970,Residential,61500
339,4030 BROADWAY,SACRAMENTO,95817,CA,2,1,623,Residential,62050
340,3660 22ND AVE,SACRAMENTO,95820,CA,2,1,932,Residential,65000
341,3924 HIGH ST,SACRAMENTO,95838,CA,2,1,796,Residential,65000
342,4734 14TH AVE,SACRAMENTO,95820,CA,2,1,834,Residential,68000
343,4734 14TH AVE,SACRAMENTO,95820,CA,2,1,834,Residential,68000
344,5050 RHODE ISLAND DR Unit 4,SACRAMENTO,95841,CA,2,1,924,Condo,77000
345,4513 GREENHOLME DR,SACRAMENTO,95842,CA,2,1,795,Condo,82732
346,3845 ELM ST,SACRAMENTO,95838,CA,3,1,1250,Residential,84000
347,3908 17TH AVE,SACRAMENTO,95820,CA,2,1,984,Residential,84675
348,7109 CHANDLER DR,SACRAMENTO,95828,CA,3,1,1013,Residential,85000
349,7541 SKELTON WAY,SACRAMENTO,95822,CA,3,1,1012,Residential,90000
350,9058 MONTOYA ST,SACRAMENTO,95826,CA,2,1,795,Condo,90000
351,1016 CONGRESS AVE,SACRAMENTO,95838,CA,2,2,918,Residential,91000
352,540 MORRISON AVE,SACRAMENTO,95838,CA,3,1,1082,Residential,95000
353,5303 JERRETT WAY,SACRAMENTO,95842,CA,2,1,964,Residential,97500
354,2820 DEL PASO BLVD,SACRAMENTO,95815,CA,4,2,1404,Multi-Family,100000
355,3715 TALLYHO DR Unit 78HIGH,SACRAMENTO,95826,CA,1,1,625,Condo,100000
356,6013 ROWAN WAY,CITRUS HEIGHTS,95621,CA,2,1,888,Residential,101000
357,2987 PONDEROSA LN,SACRAMENTO,95815,CA,4,2,1120,Residential,102750
358,3732 LANKERSHIM WAY,NORTH HIGHLANDS,95660,CA,3,1,1331,Residential,112500
359,2216 DUNLAP DR,SACRAMENTO,95821,CA,3,1,1014,Residential,113000
360,3503 21ST AVE,SACRAMENTO,95820,CA,4,2,1448,Residential,114000
361,523 EXCHANGE ST,SACRAMENTO,95838,CA,3,1,966,Residential,114000
362,8101 PORT ROYALE WAY,SACRAMENTO,95823,CA,2,1,779,Residential,114750
363,8020 WALERGA RD,ANTELOPE,95843,CA,2,2,836,Condo,115000
364,167 VALLEY OAK DR,ROSEVILLE,95678,CA,2,2,1100,Condo,115000
365,7876 BURLINGTON WAY,SACRAMENTO,95832,CA,3,1,1174,Residential,116100
366,3726 JONKO AVE,NORTH HIGHLANDS,95660,CA,3,2,1207,Residential,119250
367,7342 GIGI PL,SACRAMENTO,95828,CA,4,4,1995,Multi-Family,120000
368,2610 PHYLLIS AVE,SACRAMENTO,95820,CA,2,1,804,Residential,120000
369,4200 COMMERCE WAY Unit 711,SACRAMENTO,95834,CA,2,2,958,Condo,120000
370,4621 COUNTRY SCENE WAY,SACRAMENTO,95823,CA,3,2,1366,Residential,120108
371,5380 VILLAGE WOOD DR,SACRAMENTO,95823,CA,2,2,901,Residential,121500
372,2621 EVERGREEN ST,SACRAMENTO,95815,CA,3,1,696,Residential,121725
373,201 CARLO CT,GALT,95632,CA,3,2,1080,Residential,122000
374,6743 21ST ST,SACRAMENTO,95822,CA,3,2,1104,Residential,123000
375,3128 VIA GRANDE,SACRAMENTO,95825,CA,2,1,972,Residential,125000
376,2847 BELGRADE WAY,SACRAMENTO,95833,CA,4,2,1390,Residential,125573
377,7741 MILLDALE CIR,ELVERTA,95626,CA,4,2,1354,Residential,126714
378,9013 CASALS ST,SACRAMENTO,95826,CA,2,1,795,Condo,126960
379,227 MAHAN CT Unit 1,ROSEVILLE,95678,CA,2,1,780,Condo,127000
380,7349 FLETCHER FARM DR,SACRAMENTO,95828,CA,4,2,1587,Residential,127500
381,7226 LARCHMONT DR,NORTH HIGHLANDS,95660,CA,3,2,1209,Residential,130000
382,4114 35TH AVE,SACRAMENTO,95824,CA,2,1,1139,Residential,133105
383,617 M ST,RIO LINDA,95673,CA,2,2,1690,Residential,136500
384,7032 FAIR OAKS BLVD,CARMICHAEL,95608,CA,3,2,1245,Condo,139500
385,2421 SANTINA WAY,ELVERTA,95626,CA,3,2,1416,Residential,140000
386,2368 CRAIG AVE,SACRAMENTO,95832,CA,3,2,1300,Residential,140800
387,2123 AMANDA WAY,SACRAMENTO,95822,CA,3,2,1120,Residential,145000
388,7620 DARLA WAY,SACRAMENTO,95828,CA,4,2,1590,Residential,147000
389,8344 FIELDPOPPY CIR,SACRAMENTO,95828,CA,3,2,1407,Residential,149600
390,3624 20TH AVE,SACRAMENTO,95820,CA,5,2,1516,Residential,150000
391,10001 WOODCREEK OAKS BLVD Unit 1415,ROSEVILLE,95747,CA,2,2,0,Condo,150000
392,2848 PROVO WAY,SACRAMENTO,95822,CA,3,2,1646,Residential,150000
393,6045 EHRHARDT AVE,SACRAMENTO,95823,CA,3,2,1676,Residential,155000
394,1223 LAMBERTON CIR,SACRAMENTO,95838,CA,3,2,1370,Residential,155435
395,1223 LAMBERTON CIR,SACRAMENTO,95838,CA,3,2,1370,Residential,155500
396,6000 BIRCHGLADE WAY,CITRUS HEIGHTS,95621,CA,4,2,1351,Residential,158000
397,7204 THOMAS DR,NORTH HIGHLANDS,95660,CA,3,2,1152,Residential,158000
398,8363 LANGTREE WAY,SACRAMENTO,95823,CA,3,2,1452,Residential,160000
399,1675 VERNON ST Unit 8,ROSEVILLE,95678,CA,2,1,990,Residential,160000
400,6632 IBEX WOODS CT,CITRUS HEIGHTS,95621,CA,2,2,1162,Residential,164000
401,117 EVCAR WAY,RIO LINDA,95673,CA,3,2,1182,Residential,164000
402,6485 LAGUNA MIRAGE LN,ELK GROVE,95758,CA,2,2,1112,Residential,165000
403,746 MOOSE CREEK WAY,GALT,95632,CA,3,2,1100,Residential,167000
404,8306 CURLEW CT,CITRUS HEIGHTS,95621,CA,4,2,1280,Residential,167293
405,8306 CURLEW CT,CITRUS HEIGHTS,95621,CA,4,2,1280,Residential,167293
406,5217 ARGO WAY,SACRAMENTO,95820,CA,3,1,1039,Residential,168000
407,7108 HEATHER TREE DR,SACRAMENTO,95842,CA,3,2,1159,Residential,170000
408,2956 DAVENPORT WAY,SACRAMENTO,95833,CA,4,2,1917,Residential,170000
409,10062 LINCOLN VILLAGE DR,SACRAMENTO,95827,CA,3,2,1520,Residential,170000
410,332 PALIN AVE,GALT,95632,CA,3,2,1204,Residential,174000
411,4649 FREEWAY CIR,SACRAMENTO,95841,CA,3,2,1120,Residential,178000
412,8593 DERLIN WAY,SACRAMENTO,95823,CA,3,2,1436,Residential,180000
413,9273 PREMIER WAY,SACRAMENTO,95826,CA,3,2,1451,Residential,180000
414,8032 DUSENBERG CT,SACRAMENTO,95828,CA,4,2,1638,Residential,180000
415,7110 STELLA LN Unit 15,CARMICHAEL,95608,CA,2,2,1000,Condo,182000
416,1786 PIEDMONT WAY,ROSEVILLE,95661,CA,3,1,1152,Residential,188325
417,1347 HIDALGO CIR,ROSEVILLE,95747,CA,3,2,1154,Residential,191500
418,212 CAPPUCINO WAY,SACRAMENTO,95838,CA,3,2,1353,Residential,192000
419,5938 WOODBRIAR WAY,CITRUS HEIGHTS,95621,CA,3,2,1329,Residential,192700
420,3801 WILDROSE WAY,SACRAMENTO,95826,CA,3,1,1356,Residential,195000
421,508 SAMUEL WAY,SACRAMENTO,95838,CA,3,2,1505,Residential,197654
422,6128 CARL SANDBURG CIR,SACRAMENTO,95842,CA,3,1,1009,Residential,198000
423,1 KENNELFORD CIR,SACRAMENTO,95823,CA,3,2,1144,Residential,200345
424,909 SINGINGWOOD RD,SACRAMENTO,95864,CA,2,1,930,Residential,203000
425,6671 FOXWOOD CT,SACRAMENTO,95841,CA,4,2,1766,Residential,207000
426,8165 AYN RAND CT,SACRAMENTO,95828,CA,4,3,1940,Residential,208000
427,9474 VILLAGE TREE DR,ELK GROVE,95758,CA,4,2,1776,Residential,210000
428,7213 CALVIN DR,CITRUS HEIGHTS,95621,CA,3,1,1258,Residential,212000
429,8167 DERBY PARK CT,SACRAMENTO,95828,CA,4,2,1872,Residential,213675
430,6344 LAGUNA MIRAGE LN,ELK GROVE,95758,CA,2,2,1112,Residential,213697
431,2945 RED HAWK WAY,SACRAMENTO,95833,CA,4,2,1856,Residential,215000
432,3228 I ST,SACRAMENTO,95816,CA,4,3,1939,Residential,215000
433,308 ATKINSON ST,ROSEVILLE,95678,CA,3,1,998,Residential,215100
434,624 HOVEY WAY,ROSEVILLE,95678,CA,3,2,1758,Residential,217500
435,110 COPPER LEAF WAY,SACRAMENTO,95838,CA,3,2,2142,Residential,218000
436,7535 ALMA VISTA WAY,SACRAMENTO,95831,CA,2,1,950,Residential,220000
437,7423 WILSALL CT,ELK GROVE,95758,CA,4,3,1739,Residential,221000
438,8629 VIA ALTA WAY,ELK GROVE,95624,CA,3,2,1516,Residential,222900
439,3318 DAVIDSON DR,ANTELOPE,95843,CA,3,1,988,Residential,223139
440,913 COBDEN CT,GALT,95632,CA,4,2,1555,Residential,225500
441,4419 79TH ST,SACRAMENTO,95820,CA,3,2,1212,Residential,228327
442,3012 SPOONWOOD WAY,SACRAMENTO,95833,CA,4,2,1871,Residential,230000
443,8728 CRYSTAL RIVER WAY,SACRAMENTO,95828,CA,3,2,1302,Residential,230000
444,4709 AMBER LN Unit 1,SACRAMENTO,95841,CA,2,1,756,Condo,230522
445,4508 OLD DAIRY DR,ANTELOPE,95843,CA,4,3,2026,Residential,231200
446,312 RIVER ISLE WAY,SACRAMENTO,95831,CA,3,2,1375,Residential,232000
447,301 OLIVADI WAY,SACRAMENTO,95834,CA,2,2,1250,Condo,232500
448,5636 25TH ST,SACRAMENTO,95822,CA,3,1,1058,Residential,233641
449,8721 SPRUCE RIDGE WAY,ANTELOPE,95843,CA,3,2,1187,Residential,234000
450,7461 WINDBRIDGE DR,SACRAMENTO,95831,CA,2,2,1324,Residential,234500
451,8101 LEMON COVE CT,SACRAMENTO,95828,CA,4,3,1936,Residential,235000
452,10949 SCOTSMAN WAY,RANCHO CORDOVA,95670,CA,5,4,2382,Multi-Family,236000
453,617 WILLOW CREEK DR,FOLSOM,95630,CA,3,2,1427,Residential,236073
454,3301 PARK DR Unit 1914,SACRAMENTO,95835,CA,3,2,1678,Condo,238000
455,709 CIMMARON CT,GALT,95632,CA,4,2,1798,Residential,238861
456,3305 RIO ROCA CT,ANTELOPE,95843,CA,4,3,2652,Residential,239700
457,9080 BEDROCK CT,SACRAMENTO,95829,CA,4,2,1816,Residential,240000
458,100 TOURMALINE CIR,SACRAMENTO,95834,CA,5,3,3076,Residential,240000
459,6411 RED BIRCH WAY,ELK GROVE,95758,CA,4,2,1844,Residential,241000
460,4867 LAGUNA DR,SACRAMENTO,95823,CA,3,2,1306,Residential,245000
461,3662 RIVER DR,SACRAMENTO,95833,CA,4,3,2447,Residential,246000
462,6943 WOLFGRAM WAY,SACRAMENTO,95828,CA,4,2,1176,Residential,247234
463,77 RINETTI WAY,RIO LINDA,95673,CA,4,2,1182,Residential,247480
464,1316 I ST,RIO LINDA,95673,CA,3,1,1160,Residential,249862
465,2130 CATHERWOOD WAY,SACRAMENTO,95835,CA,3,2,1424,Residential,251000
466,8304 JUGLANS DR,ORANGEVALE,95662,CA,4,2,1574,Residential,252155
467,5308 MARBURY WAY,ANTELOPE,95843,CA,3,2,1830,Residential,254172
468,9182 LAKEMONT DR,ELK GROVE,95624,CA,4,2,1724,Residential,258000
469,2231 COUNTRY VILLA CT,AUBURN,95603,CA,2,2,1255,Condo,260000
470,8491 CRYSTAL WALK CIR,ELK GROVE,95758,CA,0,0,0,Residential,261000
471,361 MAHONIA CIR,SACRAMENTO,95835,CA,4,3,2175,Residential,261000
472,3427 LA CADENA WAY,SACRAMENTO,95835,CA,4,2,1904,Residential,261000
473,955 BIG SUR CT,EL DORADO HILLS,95762,CA,4,2,1808,Residential,262500
474,11826 DIONYSUS WAY,RANCHO CORDOVA,95742,CA,4,2,2711,Residential,266000
475,5847 DEL CAMPO LN,CARMICHAEL,95608,CA,3,1,1713,Residential,266000
476,5635 FOXVIEW WAY,ELK GROVE,95757,CA,3,2,1457,Residential,270000
477,10372 VIA CINTA CT,ELK GROVE,95757,CA,4,3,2724,Residential,274425
478,6286 LONETREE BLVD,ROCKLIN,95765,CA,0,0,0,Residential,274500
479,7744 SOUTHBREEZE DR,SACRAMENTO,95828,CA,3,2,1468,Residential,275336
480,2242 ABLE WAY,SACRAMENTO,95835,CA,4,3,2550,Residential,277980
481,1042 STARBROOK DR,GALT,95632,CA,4,2,1928,Residential,280000
482,1219 G ST,SACRAMENTO,95814,CA,3,3,1922,Residential,284686
483,6220 OPUS CT,CITRUS HEIGHTS,95621,CA,3,2,1343,Residential,284893
484,5419 HAVENHURST CIR,ROCKLIN,95677,CA,3,2,1510,Residential,285000
485,220 OLD AIRPORT RD,AUBURN,95603,CA,2,2,960,Multi-Family,285000
486,4622 MEYER WAY,CARMICHAEL,95608,CA,4,2,1559,Residential,285000
487,4885 SUMMIT VIEW DR,EL DORADO,95623,CA,3,2,1624,Residential,289000
488,26 JEANROSS CT,SACRAMENTO,95832,CA,5,3,2992,Residential,295000
489,4800 MAPLEPLAIN AVE,ELK GROVE,95758,CA,4,2,2109,Residential,296000
490,10629 BASIE WAY,RANCHO CORDOVA,95670,CA,4,2,1524,Residential,296056
491,8612 WILLOW GROVE WAY,SACRAMENTO,95828,CA,3,2,1248,Residential,297359
492,62 DE FER CIR,SACRAMENTO,95823,CA,4,2,1876,Residential,299940
493,2513 OLD KENMARE RD,LINCOLN,95648,CA,5,3,0,Residential,304000
494,3253 ABOTO WAY,RANCHO CORDOVA,95670,CA,4,3,1851,Residential,305000
495,3072 VILLAGE PLAZA DR,ROSEVILLE,95747,CA,0,0,0,Residential,307000
496,251 CHANGO CIR,SACRAMENTO,95835,CA,4,2,2218,Residential,311328
497,8205 WEYBURN CT,SACRAMENTO,95828,CA,3,2,1394,Residential,313138
498,8788 LA MARGARITA WAY,SACRAMENTO,95828,CA,3,2,1410,Residential,316630
499,5912 DEEPDALE WAY,ELK GROVE,95758,CA,5,3,3468,Residential,320000
500,4712 PISMO BEACH DR,ANTELOPE,95843,CA,5,3,2346,Residential,320000
501,4741 PACIFIC PARK DR,ANTELOPE,95843,CA,5,3,2347,Residential,325000
502,310 GROTH CIR,SACRAMENTO,95834,CA,4,2,1659,Residential,328578
503,6121 WILD FOX CT,ELK GROVE,95757,CA,3,3,2442,Residential,331000
504,12241 CANYONLANDS DR,RANCHO CORDOVA,95742,CA,0,0,0,Residential,331500
505,29 COOL FOUNTAIN CT,SACRAMENTO,95833,CA,4,2,2155,Residential,340000
506,907 RIO ROBLES AVE,SACRAMENTO,95838,CA,0,0,0,Residential,344755
507,8909 BILLFISH WAY,SACRAMENTO,95828,CA,3,2,1810,Residential,345746
508,6232 GUS WAY,ELK GROVE,95757,CA,4,2,2789,Residential,351000
509,200 OAKWILDE ST,GALT,95632,CA,4,2,1606,Residential,353767
510,1033 PARK STREAM DR,GALT,95632,CA,0,0,0,Residential,355000
511,200 ALLAIRE CIR,SACRAMENTO,95835,CA,4,2,2166,Residential,356035
512,1322 SUTTER WALK,SACRAMENTO,95816,CA,0,0,0,Condo,360000
513,5479 NICKMAN WAY,SACRAMENTO,95835,CA,4,2,1871,Residential,360552
514,2103 BURBERRY WAY,SACRAMENTO,95835,CA,3,2,1800,Residential,362305
515,2450 SAN JOSE WAY,SACRAMENTO,95817,CA,3,1,1683,Residential,365000
516,7641 ROSEHALL DR,ROSEVILLE,95678,CA,3,2,0,Residential,367554
517,1336 LAYSAN TEAL DR,ROSEVILLE,95747,CA,0,0,0,Residential,368500
518,2802 BLACK OAK DR,ROCKLIN,95765,CA,2,2,1596,Residential,370000
519,2113 FALL TRAIL CT,PLACERVILLE,95667,CA,4,2,0,Residential,371086
520,10112 LAMBEAU CT,ELK GROVE,95757,CA,3,2,1179,Residential,378000
521,6313 CASTRO VERDE WAY,ELK GROVE,95757,CA,0,0,0,Residential,383000
522,3622 CURTIS DR,SACRAMENTO,95818,CA,3,1,1639,Residential,388000
523,11817 OPAL RIDGE WAY,RANCHO CORDOVA,95742,CA,5,3,3281,Residential,395100
524,170 LAGOMARSINO WAY,SACRAMENTO,95819,CA,3,2,1697,Residential,400000
525,2743 DEAKIN PL,EL DORADO HILLS,95762,CA,3,2,0,Residential,400000
526,3361 ALDER CANYON WAY,ANTELOPE,95843,CA,4,3,2085,Residential,408431
527,2148 RANCH VIEW DR,ROCKLIN,95765,CA,0,0,0,Residential,413000
528,398 LINDLEY DR,SACRAMENTO,95815,CA,4,2,1744,Multi-Family,416767
529,3013 BRIDLEWOOD DR,EL DORADO HILLS,95762,CA,4,3,0,Residential,420000
530,169 BAURER CIR,FOLSOM,95630,CA,4,3,1939,Residential,423000
531,2809 LOON CT,CAMERON PARK,95682,CA,4,2,0,Residential,423000
532,1315 KONDOS AVE,SACRAMENTO,95814,CA,2,3,1788,Residential,427500
533,4966 CHARTER RD,ROCKLIN,95765,CA,3,2,1691,Residential,430922
534,9516 LAGUNA LAKE WAY,ELK GROVE,95758,CA,4,2,2002,Residential,445000
535,5201 BLOSSOM RANCH DR,ELK GROVE,95757,CA,4,4,4303,Residential,450000
536,3027 PALMATE WAY,SACRAMENTO,95834,CA,5,3,4246,Residential,452000
537,500 WINCHESTER CT,ROSEVILLE,95661,CA,3,2,2274,Residential,470000
538,5746 GELSTON WAY,EL DORADO HILLS,95762,CA,4,3,0,Residential,471000
539,6935 ELM TREE LN,ORANGEVALE,95662,CA,4,4,3056,Residential,475000
540,9605 GOLF COURSE LN,ELK GROVE,95758,CA,3,3,2503,Residential,484500
541,719 BAYWOOD CT,EL DORADO HILLS,95762,CA,5,3,0,Residential,487500
542,5954 TANUS CIR,ROCKLIN,95677,CA,3,3,0,Residential,488750
543,100 CHELSEA CT,FOLSOM,95630,CA,3,2,1905,Residential,500000
544,1500 ORANGE HILL LN,PENRYN,95663,CA,3,2,1320,Residential,506688
545,408 KIRKWOOD CT,LINCOLN,95648,CA,2,2,0,Residential,512000
546,1732 TUSCAN GROVE CIR,ROSEVILLE,95747,CA,5,3,0,Residential,520000
547,2049 EMPIRE MINE CIR,GOLD RIVER,95670,CA,4,2,3037,Residential,528000
548,9360 MAGOS RD,WILTON,95693,CA,5,2,3741,Residential,579093
549,104 CATLIN CT,FOLSOM,95630,CA,4,3,2660,Residential,636000
550,4734 GIBBONS DR,CARMICHAEL,95608,CA,4,3,3357,Residential,668365
551,4629 DORCHESTER LN,GRANITE BAY,95746,CA,5,3,2896,Residential,676200
552,2400 COUNTRYSIDE DR,PLACERVILLE,95667,CA,3,2,2025,Residential,677048
553,12901 FURLONG DR,WILTON,95693,CA,5,3,3788,Residential,691659
554,6222 CALLE MONTALVO CIR,GRANITE BAY,95746,CA,5,3,3670,Residential,760000
555,20 CRYSTALWOOD CIR,LINCOLN,95648,CA,0,0,0,Residential,4897
556,24 CRYSTALWOOD CIR,LINCOLN,95648,CA,0,0,0,Residential,4897
557,28 CRYSTALWOOD CIR,LINCOLN,95648,CA,0,0,0,Residential,4897
558,32 CRYSTALWOOD CIR,LINCOLN,95648,CA,0,0,0,Residential,4897
559,36 CRYSTALWOOD CIR,LINCOLN,95648,CA,0,0,0,Residential,4897
560,40 CRYSTALWOOD CIR,LINCOLN,95648,CA,0,0,0,Residential,4897
561,44 CRYSTALWOOD CIR,LINCOLN,95648,CA,0,0,0,Residential,4897
562,48 CRYSTALWOOD CIR,LINCOLN,95648,CA,0,0,0,Residential,4897
563,52 CRYSTALWOOD CIR,LINCOLN,95648,CA,0,0,0,Residential,4897
564,68 CRYSTALWOOD CIR,LINCOLN,95648,CA,0,0,0,Residential,4897
565,72 CRYSTALWOOD CIR,LINCOLN,95648,CA,0,0,0,Residential,4897
566,76 CRYSTALWOOD CIR,LINCOLN,95648,CA,0,0,0,Residential,4897
567,80 CRYSTALWOOD CIR,LINCOLN,95648,CA,0,0,0,Residential,4897
568,84 CRYSTALWOOD CIR,LINCOLN,95648,CA,0,0,0,Residential,4897
569,88 CRYSTALWOOD CIR,LINCOLN,95648,CA,0,0,0,Residential,4897
570,92 CRYSTALWOOD CIR,LINCOLN,95648,CA,0,0,0,Residential,4897
571,96 CRYSTALWOOD CIR,LINCOLN,95648,CA,0,0,0,Residential,4897
572,100 CRYSTALWOOD CIR,LINCOLN,95648,CA,0,0,0,Residential,4897
573,434 1ST ST,LINCOLN,95648,CA,0,0,0,Residential,4897
574,3 E ST,LINCOLN,95648,CA,0,0,0,Residential,4897
575,11 E ST,LINCOLN,95648,CA,0,0,0,Residential,4897
576,19 E ST,LINCOLN,95648,CA,0,0,0,Residential,4897
577,27 E ST,LINCOLN,95648,CA,0,0,0,Residential,4897
578,35 E ST,LINCOLN,95648,CA,0,0,0,Residential,4897
579,43 E ST,LINCOLN,95648,CA,0,0,0,Residential,4897
580,51 E ST,LINCOLN,95648,CA,4,2,0,Residential,4897
581,59 E ST,LINCOLN,95648,CA,3,2,0,Residential,4897
582,75 E ST,LINCOLN,95648,CA,3,2,0,Residential,4897
583,63 CRYSTALWOOD CIR,LINCOLN,95648,CA,0,0,0,Residential,4897
584,398 1ST ST,LINCOLN,95648,CA,0,0,0,Residential,4897
585,386 1ST ST,LINCOLN,95648,CA,0,0,0,Residential,4897
586,374 1ST ST,LINCOLN,95648,CA,0,0,0,Residential,4897
587,116 CRYSTALWOOD WAY,LINCOLN,95648,CA,0,0,0,Residential,4897
588,108 CRYSTALWOOD WAY,LINCOLN,95648,CA,0,0,0,Residential,4897
589,100 CRYSTALWOOD WAY,LINCOLN,95648,CA,0,0,0,Residential,4897
590,55 CRYSTALWOOD CIR,LINCOLN,95648,CA,0,0,0,Residential,4897
591,51 CRYSTALWOOD CIR,LINCOLN,95648,CA,0,0,0,Residential,4897
592,47 CRYSTALWOOD CIR,LINCOLN,95648,CA,0,0,0,Residential,4897
593,43 CRYSTALWOOD CIR,LINCOLN,95648,CA,0,0,0,Residential,4897
594,39 CRYSTALWOOD CIR,LINCOLN,95648,CA,0,0,0,Residential,4897
595,35 CRYSTALWOOD CIR,LINCOLN,95648,CA,0,0,0,Residential,4897
596,31 CRYSTALWOOD CIR,LINCOLN,95648,CA,0,0,0,Residential,4897
597,27 CRYSTALWOOD CIR,LINCOLN,95648,CA,0,0,0,Residential,4897
598,23 CRYSTALWOOD CIR,LINCOLN,95648,CA,0,0,0,Residential,4897
599,19 CRYSTALWOOD CIR,LINCOLN,95648,CA,0,0,0,Residential,4897
600,15 CRYSTALWOOD CIR,LINCOLN,95648,CA,0,0,0,Residential,4897
601,7 CRYSTALWOOD CIR,LINCOLN,95648,CA,0,0,0,Residential,4897
602,7 CRYSTALWOOD CIR,LINCOLN,95648,CA,0,0,0,Residential,4897
603,3 CRYSTALWOOD CIR,LINCOLN,95648,CA,0,0,0,Residential,4897
604,8208 WOODYARD WAY,CITRUS HEIGHTS,95621,CA,3,2,1166,Residential,30000
605,113 RINETTI WAY,RIO LINDA,95673,CA,0,0,0,Residential,30000
606,15 LOORZ CT,SACRAMENTO,95823,CA,2,1,838,Residential,55422
607,5805 DOTMAR WAY,NORTH HIGHLANDS,95660,CA,2,1,904,Residential,63000
608,2332 CAMBRIDGE ST,SACRAMENTO,95815,CA,2,1,1032,Residential,65000
609,3812 BELDEN ST,SACRAMENTO,95838,CA,2,1,904,Residential,65000
610,3348 40TH ST,SACRAMENTO,95817,CA,2,1,1080,Residential,65000
611,127 QUASAR CIR,SACRAMENTO,95822,CA,2,2,990,Residential,66500
612,3812 CYPRESS ST,SACRAMENTO,95838,CA,2,1,900,Residential,71000
613,5821 64TH ST,SACRAMENTO,95824,CA,2,1,861,Residential,75000
614,8248 CENTER PKWY,SACRAMENTO,95823,CA,2,1,906,Condo,77000
615,1171 SONOMA AVE,SACRAMENTO,95815,CA,2,1,1011,Residential,85000
616,4250 ARDWELL WAY,SACRAMENTO,95823,CA,3,2,1089,Residential,95625
617,3104 CLAY ST,SACRAMENTO,95815,CA,2,1,832,Residential,96140
618,6063 LAND PARK DR,SACRAMENTO,95822,CA,2,1,800,Condo,104250
619,4738 OAKHOLLOW DR,SACRAMENTO,95842,CA,4,2,1292,Residential,105000
620,1401 STERLING ST,SACRAMENTO,95822,CA,2,1,810,Residential,108000
621,3715 DIDCOT CIR,SACRAMENTO,95838,CA,4,2,1064,Residential,109000
622,2426 RASHAWN DR,RANCHO CORDOVA,95670,CA,2,1,911,Residential,115000
623,4800 WESTLAKE PKWY Unit 410,SACRAMENTO,95835,CA,1,1,846,Condo,115000
624,3409 VIRGO ST,SACRAMENTO,95827,CA,3,2,1320,Residential,115500
625,1110 PINEDALE AVE,SACRAMENTO,95838,CA,3,2,1410,Residential,115620
626,2361 LA LOMA DR,RANCHO CORDOVA,95670,CA,3,2,1115,Residential,116000
627,1455 64TH AVE,SACRAMENTO,95822,CA,3,2,1169,Residential,122000
628,7328 SPRINGMAN ST,SACRAMENTO,95822,CA,3,2,1164,Residential,122500
629,119 SAINT MARIE CIR,SACRAMENTO,95823,CA,4,2,1341,Residential,123000
630,12 COSTA BRASE CT,SACRAMENTO,95838,CA,3,2,1219,Residential,124000
631,6813 SCOTER WAY,SACRAMENTO,95842,CA,4,2,1127,Residential,124000
632,6548 GRAYLOCK LN,NORTH HIGHLANDS,95660,CA,3,2,1272,Residential,124413
633,1630 GLIDDEN AVE,SACRAMENTO,95822,CA,4,2,1253,Residential,125000
634,7825 DALEWOODS WAY,SACRAMENTO,95828,CA,3,2,1120,Residential,130000
635,4073 TRESLER AVE,NORTH HIGHLANDS,95660,CA,2,2,1118,Residential,131750
636,4288 DYMIC WAY,SACRAMENTO,95838,CA,4,3,1890,Residential,137721
637,1158 SAN IGNACIO WAY,SACRAMENTO,95833,CA,3,2,1260,Residential,137760
638,4904 J PKWY,SACRAMENTO,95823,CA,3,2,1400,Residential,138000
639,2931 HOWE AVE,SACRAMENTO,95821,CA,3,1,1264,Residential,140000
640,5531 JANSEN DR,SACRAMENTO,95824,CA,3,1,1060,Residential,145000
641,7836 ORCHARD WOODS CIR,SACRAMENTO,95828,CA,2,2,1132,Residential,145000
642,4055 DEERBROOK DR,SACRAMENTO,95823,CA,3,2,1466,Residential,150000
643,9937 BURLINE ST,SACRAMENTO,95827,CA,3,2,1092,Residential,150000
644,6948 MIRADOR WAY,SACRAMENTO,95828,CA,4,2,1628,Residential,151000
645,4909 RUGER CT,SACRAMENTO,95842,CA,3,2,960,Residential,155000
646,7204 KERSTEN ST,CITRUS HEIGHTS,95621,CA,3,2,1075,Residential,155800
647,3150 ROSEMONT DR,SACRAMENTO,95826,CA,3,2,1428,Residential,156142
648,8200 STEINBECK WAY,SACRAMENTO,95828,CA,4,2,1358,Residential,158000
649,8198 STEVENSON AVE,SACRAMENTO,95828,CA,6,4,2475,Multi-Family,159900
650,6824 OLIVE TREE WAY,CITRUS HEIGHTS,95610,CA,3,2,1410,Residential,160000
651,3536 SUN MAIDEN WAY,ANTELOPE,95843,CA,3,2,1711,Residential,161500
652,4517 OLYMPIAD WAY,SACRAMENTO,95826,CA,4,2,1483,Residential,161600
653,925 COBDEN CT,GALT,95632,CA,3,2,1140,Residential,162000
654,8225 SCOTTSDALE DR,SACRAMENTO,95828,CA,4,2,1549,Residential,165000
655,8758 LEMAS RD,SACRAMENTO,95828,CA,3,2,1410,Residential,165000
656,6121 ALPINESPRING WAY,ELK GROVE,95758,CA,3,2,1240,Residential,167293
657,5937 YORK GLEN WAY,SACRAMENTO,95842,CA,5,2,1712,Residential,168000
658,6417 SUNNYFIELD WAY,SACRAMENTO,95823,CA,4,2,1580,Residential,168000
659,4008 GREY LIVERY WAY,ANTELOPE,95843,CA,3,2,1669,Residential,168750
660,8920 ROSETTA CIR,SACRAMENTO,95826,CA,3,1,1029,Residential,168750
661,8300 LICHEN DR,CITRUS HEIGHTS,95621,CA,3,1,1103,Residential,170000
662,8884 AMBERJACK WAY,SACRAMENTO,95828,CA,3,2,2161,Residential,170250
663,4480 VALLEY HI DR,SACRAMENTO,95823,CA,3,2,1650,Residential,173000
664,2250 FOREBAY RD,POLLOCK PINES,95726,CA,3,1,1320,Residential,175000
665,3529 FABERGE WAY,SACRAMENTO,95826,CA,3,2,1200,Residential,176095
666,1792 DAWNELLE WAY,SACRAMENTO,95835,CA,3,2,1170,Residential,176250
667,7800 TABARE CT,CITRUS HEIGHTS,95621,CA,3,2,1199,Residential,178000
668,8531 HERMITAGE WAY,SACRAMENTO,95823,CA,4,2,1695,Residential,179000
669,2421 BERRYWOOD DR,RANCHO CORDOVA,95670,CA,3,2,1157,Residential,180000
670,1005 MORENO WAY,SACRAMENTO,95838,CA,3,2,1410,Residential,180000
671,1675 VERNON ST Unit 24,ROSEVILLE,95678,CA,3,2,1174,Residential,180000
672,24 WINDCHIME CT,SACRAMENTO,95823,CA,3,2,1593,Residential,181000
673,540 HARLING CT,RIO LINDA,95673,CA,3,2,1093,Residential,182000
674,1207 CRESCENDO DR,ROSEVILLE,95678,CA,3,2,1770,Residential,182587
675,7577 EDDYLEE WAY,SACRAMENTO,95822,CA,4,2,1436,Residential,185074
676,8369 FOPPIANO WAY,SACRAMENTO,95829,CA,3,2,1124,Residential,185833
677,8817 SAWTELLE WAY,SACRAMENTO,95826,CA,4,2,1139,Residential,186785
678,1910 BONAVISTA WAY,SACRAMENTO,95832,CA,3,2,1638,Residential,187000
679,8 TIDE CT,SACRAMENTO,95833,CA,3,2,1328,Residential,188335
680,8952 ROCKY CREEK CT,ELK GROVE,95758,CA,3,2,1273,Residential,190000
681,435 EXCHANGE ST,SACRAMENTO,95838,CA,3,1,1082,Residential,190000
682,10105 MONTE VALLO CT,SACRAMENTO,95827,CA,4,2,1578,Residential,190000
683,3930 ANNABELLE AVE,ROSEVILLE,95661,CA,2,1,796,Residential,190000
684,4854 TANGERINE AVE,SACRAMENTO,95823,CA,3,2,1386,Residential,191250
685,2909 SHAWN WAY,RANCHO CORDOVA,95670,CA,3,2,1452,Residential,193000
686,4290 BLACKFORD WAY,SACRAMENTO,95823,CA,3,2,1513,Residential,193500
687,5890 TT TRAK,FORESTHILL,95631,CA,0,0,0,Residential,194818
688,7015 WOODSIDE DR,SACRAMENTO,95842,CA,4,2,1578,Residential,195000
689,6019 CHESHIRE WAY,CITRUS HEIGHTS,95610,CA,4,3,1736,Residential,195000
690,3330 VILLAGE CT,CAMERON PARK,95682,CA,2,2,0,Residential,195000
691,2561 VERNA WAY,SACRAMENTO,95821,CA,3,1,1473,Residential,195000
692,3522 22ND AVE,SACRAMENTO,95820,CA,3,1,1150,Residential,198000
693,2880 CANDIDO DR,SACRAMENTO,95833,CA,3,2,1127,Residential,199900
694,6908 PIN OAK CT,FAIR OAKS,95628,CA,3,1,1144,Residential,200000
695,5733 ANGELINA AVE,CARMICHAEL,95608,CA,3,1,972,Residential,201000
696,7849 BONNY DOWNS WAY,ELK GROVE,95758,CA,4,2,2306,Residential,204918
697,8716 LONGSPUR WAY,ANTELOPE,95843,CA,3,2,1479,Residential,205000
698,6320 EL DORADO ST,EL DORADO,95623,CA,2,1,1040,Residential,205000
699,2328 DOROTHY JUNE WAY,SACRAMENTO,95838,CA,3,2,1430,Residential,205878
700,1986 DANVERS WAY,SACRAMENTO,95832,CA,4,2,1800,Residential,207000
701,7901 GAZELLE TRAIL WAY,ANTELOPE,95843,CA,4,2,1953,Residential,207744
702,6080 BRIDGECROSS DR,SACRAMENTO,95835,CA,3,2,1120,Residential,209000
703,20 GROTH CIR,SACRAMENTO,95834,CA,3,2,1232,Residential,210000
704,1900 DANBROOK DR,SACRAMENTO,95835,CA,1,1,984,Condo,210944
705,140 VENTO CT,ROSEVILLE,95678,CA,3,2,0,Condo,212500
706,8442 KEUSMAN ST,ELK GROVE,95758,CA,4,2,2329,Residential,213750
707,9552 SUNLIGHT LN,ELK GROVE,95758,CA,3,2,1351,Residential,215000
708,2733 YUMA CT,CAMERON PARK,95682,CA,2,2,0,Residential,215000
709,1407 TIFFANY CIR,ROSEVILLE,95661,CA,4,1,1376,Residential,215000
710,636 CRESTVIEW DR,DIAMOND SPRINGS,95619,CA,3,2,1300,Residential,216033
711,1528 HESKET WAY,SACRAMENTO,95825,CA,4,2,1566,Residential,220000
712,2327 32ND ST,SACRAMENTO,95817,CA,2,1,1115,Residential,220000
713,1833 2ND AVE,SACRAMENTO,95818,CA,2,1,1032,Residential,220000
714,7252 CARRIAGE DR,CITRUS HEIGHTS,95621,CA,4,2,1419,Residential,220000
715,9815 PASO FINO WAY,ELK GROVE,95757,CA,3,2,1261,Residential,220000
716,5532 ENGLE RD,CARMICHAEL,95608,CA,2,2,1637,Residential,220702
717,1139 CLINTON RD,SACRAMENTO,95825,CA,4,2,1776,Multi-Family,221250
718,9176 SAGE GLEN WAY,ELK GROVE,95758,CA,3,2,1338,Residential,222000
719,9967 HATHERTON WAY,ELK GROVE,95757,CA,0,0,0,Residential,222500
720,9264 BOULDER RIVER WAY,ELK GROVE,95624,CA,5,2,2254,Residential,222750
721,320 GROTH CIR,SACRAMENTO,95834,CA,3,2,1441,Residential,225000
722,137 GUNNISON AVE,SACRAMENTO,95838,CA,4,2,1991,Residential,225000
723,8209 RIVALLO WAY,SACRAMENTO,95829,CA,4,3,2126,Residential,228750
724,8637 PERIWINKLE CIR,ELK GROVE,95624,CA,3,2,1094,Residential,229000
725,3425 MEADOW WAY,ROCKLIN,95677,CA,3,2,1462,Residential,230095
726,107 JARVIS CIR,SACRAMENTO,95834,CA,5,3,2258,Residential,232500
727,2319 THORES ST,RANCHO CORDOVA,95670,CA,3,2,1074,Residential,233000
728,8935 MOUNTAIN HOME CT,ELK GROVE,95624,CA,4,2,2111,Residential,233500
729,2566 SERENATA WAY,SACRAMENTO,95835,CA,3,2,1686,Residential,239000
730,4085 COUNTRY DR,ANTELOPE,95843,CA,4,3,1915,Residential,240000
731,9297 TROUT WAY,ELK GROVE,95624,CA,4,2,2367,Residential,240000
732,7 ARCHIBALD CT,SACRAMENTO,95823,CA,3,2,1962,Residential,240971
733,11130 EEL RIVER CT,RANCHO CORDOVA,95670,CA,2,2,1406,Residential,242000
734,8323 REDBANK WAY,SACRAMENTO,95829,CA,3,2,1789,Residential,243450
735,16 BRONCO CREEK CT,SACRAMENTO,95835,CA,4,2,1876,Residential,243500
736,8316 NORTHAM DR,ANTELOPE,95843,CA,3,2,1235,Residential,246544
737,4240 WINJE DR,ANTELOPE,95843,CA,4,2,2504,Residential,246750
738,3569 SODA WAY,SACRAMENTO,95834,CA,0,0,0,Residential,247000
739,5118 ROBANDER ST,CARMICHAEL,95608,CA,3,2,1676,Residential,247000
740,5976 KYLENCH CT,CITRUS HEIGHTS,95621,CA,3,2,1367,Residential,249000
741,9247 DELAIR WAY,ELK GROVE,95758,CA,4,3,1899,Residential,249000
742,9054 DESCENDANT DR,ELK GROVE,95758,CA,3,2,1636,Residential,250000
743,3450 WHITNOR CT,SACRAMENTO,95821,CA,3,2,1828,Residential,250000
744,6288 LONETREE BLVD,ROCKLIN,95765,CA,0,0,0,Residential,250000
745,9355 MATADOR WAY,SACRAMENTO,95826,CA,4,2,1438,Residential,252000
746,8671 SUMMER SUN WAY,ELK GROVE,95624,CA,3,2,1451,Residential,255000
747,1890 GENEVA PL,SACRAMENTO,95825,CA,3,1,1520,Residential,255000
748,1813 AVENIDA MARTINA,ROSEVILLE,95747,CA,3,2,1506,Residential,255000
749,191 BARNHART CIR,SACRAMENTO,95835,CA,4,2,2605,Residential,257200
750,6221 GREEN TOP WAY,ORANGEVALE,95662,CA,3,2,1196,Residential,260000
751,2298 PRIMROSE LN,LINCOLN,95648,CA,3,2,1621,Residential,260000
752,5635 LOS PUEBLOS WAY,SACRAMENTO,95835,CA,3,2,1811,Residential,263500
753,10165 LOFTON WAY,ELK GROVE,95757,CA,3,2,1540,Residential,266510
754,1251 GREEN RAVINE DR,LINCOLN,95648,CA,4,2,0,Residential,267750
755,6001 SHOO FLY RD,PLACERVILLE,95667,CA,0,0,0,Residential,270000
756,3040 PARKHAM DR,ROSEVILLE,95747,CA,0,0,0,Residential,271000
757,2674 TAM O SHANTER DR,EL DORADO HILLS,95762,CA,4,2,0,Residential,272700
758,6007 MARYBELLE LN,SHINGLE SPRINGS,95682,CA,0,0,0,Unkown,275000
759,9949 NESTLING CIR,ELK GROVE,95757,CA,3,2,1543,Residential,275000
760,2915 HOLDREGE WAY,SACRAMENTO,95835,CA,5,3,2494,Residential,276000
761,2678 BRIARTON DR,LINCOLN,95648,CA,3,2,1650,Residential,276500
762,294 SPARROW DR,GALT,95632,CA,4,3,2214,Residential,278000
763,2987 DIORITE WAY,SACRAMENTO,95835,CA,5,3,2280,Residential,279000
764,6326 APPIAN WAY,CARMICHAEL,95608,CA,3,2,1443,Residential,280000
765,6905 COBALT WAY,CITRUS HEIGHTS,95621,CA,4,2,1582,Residential,280000
766,8986 HAFLINGER WAY,ELK GROVE,95757,CA,3,2,1857,Residential,285000
767,2916 BABSON DR,ELK GROVE,95758,CA,3,2,1735,Residential,288000
768,10133 NEBBIOLO CT,ELK GROVE,95624,CA,4,3,2096,Residential,289000
769,1103 COMMONS DR,SACRAMENTO,95825,CA,3,2,1720,Residential,290000
770,4636 TEAL BAY CT,ANTELOPE,95843,CA,4,2,2160,Residential,290000
771,1524 YOUNGS AVE,SACRAMENTO,95838,CA,4,2,1382,Residential,293996
772,865 CONRAD CT,PLACERVILLE,95667,CA,3,2,0,Residential,294000
773,8463 TERRACOTTA CT,ELK GROVE,95624,CA,4,2,1721,Residential,294173
774,5747 KING RD,LOOMIS,95650,CA,4,2,1328,Residential,295000
775,8253 KEEGAN WAY,ELK GROVE,95624,CA,0,0,0,Residential,298000
776,9204 TROUT WAY,ELK GROVE,95624,CA,4,2,1982,Residential,298000
777,1828 2ND AVE,SACRAMENTO,95818,CA,2,1,1144,Residential,299000
778,1113 COMMONS DR,SACRAMENTO,95825,CA,2,2,1623,Residential,300000
779,2341 BIG STRIKE TRL,COOL,95614,CA,3,2,1457,Residential,300000
780,9452 RED SPRUCE WAY,ELK GROVE,95624,CA,6,3,2555,Residential,300000
781,5776 TERRACE DR,ROCKLIN,95765,CA,3,2,1577,Residential,300567
782,5908 MCLEAN DR,ELK GROVE,95757,CA,5,3,2592,Residential,303000
783,8215 PEREGRINE WAY,CITRUS HEIGHTS,95610,CA,3,2,1401,Residential,305000
784,1104 HILLSDALE LN,LINCOLN,95648,CA,4,2,0,Residential,306000
785,2949 PANAMA AVE,CARMICHAEL,95608,CA,3,2,1502,Residential,310000
786,1356 HARTLEY WAY,FOLSOM,95630,CA,3,2,1327,Residential,310000
787,633 HANISCH DR,ROSEVILLE,95678,CA,4,3,1800,Residential,310000
788,63 ANGEL ISLAND CIR,SACRAMENTO,95831,CA,4,2,2169,Residential,311518
789,1571 WILD OAK LN,LINCOLN,95648,CA,5,3,2457,Residential,312000
790,5222 COPPER SUNSET WAY,RANCHO CORDOVA,95742,CA,0,0,0,Residential,313000
791,5601 SPINDRIFT LN,ORANGEVALE,95662,CA,4,2,2004,Residential,315000
792,652 FIFTEEN MILE DR,ROSEVILLE,95678,CA,4,3,2212,Residential,315000
793,7921 DOE TRAIL WAY,ANTELOPE,95843,CA,5,3,3134,Residential,315000
794,4204 LUSK DR,SACRAMENTO,95864,CA,3,2,1360,Residential,315000
795,5321 DELTA DR,ROCKLIN,95765,CA,4,2,0,Residential,315000
796,5608 ROSEDALE WAY,SACRAMENTO,95822,CA,3,2,1276,Residential,320000
797,3372 BERETANIA WAY,SACRAMENTO,95834,CA,4,3,2962,Residential,322000
798,2422 STEFANIE DR,ROCKLIN,95765,CA,4,2,1888,Residential,325000
799,3232 PARKHAM DR,ROSEVILLE,95747,CA,0,0,0,Residential,325500
800,448 ELMWOOD CT,ROSEVILLE,95678,CA,3,2,0,Residential,326951
801,1214 DAWNWOOD DR,GALT,95632,CA,3,2,1548,Residential,328370
802,1440 EMERALD LN,LINCOLN,95648,CA,2,2,0,Residential,330000
803,3349 CORVINA DR,RANCHO CORDOVA,95670,CA,4,3,2109,Residential,330000
804,10254 JULIANA WAY,SACRAMENTO,95827,CA,4,2,2484,Residential,331200
805,149 OPUS CIR,SACRAMENTO,95834,CA,4,3,2258,Residential,332000
806,580 REGENCY PARK CIR,SACRAMENTO,95835,CA,3,3,2212,Residential,334000
807,5544 CAMAS CT,ORANGEVALE,95662,CA,3,2,1616,Residential,335000
808,5102 ARCHCREST WAY,SACRAMENTO,95835,CA,4,2,2372,Residential,341000
809,5725 BALFOR RD,ROCKLIN,95765,CA,5,3,2606,Residential,346375
810,7697 ROSEHALL DR,ROSEVILLE,95678,CA,5,3,0,Residential,347225
811,4821 HUTSON WAY,ELK GROVE,95757,CA,5,3,2877,Residential,349000
812,4509 WINJE DR,ANTELOPE,95843,CA,3,2,2960,Residential,350000
813,1965 LAURELHURST LN,LINCOLN,95648,CA,2,2,0,Residential,350000
814,6709 ROSE BRIDGE DR,ROSEVILLE,95678,CA,3,2,2172,Residential,350000
815,281 SPYGLASS HL,ROSEVILLE,95678,CA,3,2,2100,Condo,350000
816,7709 RIVER VILLAGE DR,SACRAMENTO,95831,CA,3,2,1795,Residential,351000
817,4165 BRISBANE CIR,EL DORADO HILLS,95762,CA,3,2,0,Residential,356200
818,506 BEDFORD CT,ROSEVILLE,95661,CA,4,2,2295,Residential,360000
819,9048 PINTO CANYON WAY,ROSEVILLE,95747,CA,4,3,2577,Residential,367463
820,2274 IVY BRIDGE DR,ROSEVILLE,95747,CA,0,0,0,Residential,375000
821,14004 WALNUT AVE,WALNUT GROVE,95690,CA,3,1,1727,Residential,380000
822,6905 FRANKFORT CT,ELK GROVE,95758,CA,3,2,1485,Residential,380578
823,3621 WINTUN DR,CARMICHAEL,95608,CA,3,2,1655,Residential,386222
824,201 KIRKLAND CT,LINCOLN,95648,CA,0,0,0,Residential,389000
825,12075 APPLESBURY CT,RANCHO CORDOVA,95742,CA,0,0,0,Residential,390000
826,1975 SIDESADDLE WAY,ROSEVILLE,95661,CA,3,2,2049,Residential,395500
827,5420 ALMOND FALLS WAY,RANCHO CORDOVA,95742,CA,0,0,0,Residential,396000
828,9677 PILLITERI CT,ELK GROVE,95757,CA,5,3,2875,Residential,397000
829,1515 EL CAMINO VERDE DR,LINCOLN,95648,CA,0,0,0,Residential,400000
830,556 PLATT CIR,EL DORADO HILLS,95762,CA,4,2,2199,Residential,400000
831,1792 DIAMOND WOODS CIR,ROSEVILLE,95747,CA,4,3,0,Residential,412500
832,1124 PERKINS WAY,SACRAMENTO,95818,CA,2,1,1304,Residential,413500
833,4748 SALEM WAY,CARMICHAEL,95608,CA,3,2,2334,Residential,415000
834,1484 RADCLIFFE WAY,AUBURN,95603,CA,4,3,2278,Residential,420454
835,51 AIKEN WAY,SACRAMENTO,95819,CA,3,1,1493,Residential,425000
836,2818 KNOLLWOOD DR,CAMERON PARK,95682,CA,3,2,0,Residential,425000
837,1536 STONEY CROSS LN,LINCOLN,95648,CA,0,0,0,Residential,433500
838,509 CASTILLIAN CT,ROSEVILLE,95747,CA,5,3,0,Residential,438000
839,700 HUNTER PL,FOLSOM,95630,CA,5,3,2787,Residential,441000
840,1240 FAY CIR,SACRAMENTO,95831,CA,5,3,2824,Residential,445000
841,1113 SANDWICK WAY,FOLSOM,95630,CA,4,3,3261,Residential,446000
842,3108 DELWOOD WAY,SACRAMENTO,95821,CA,4,2,2053,Residential,450000
843,3212 CORNICHE LN,ROSEVILLE,95661,CA,4,3,2379,Residential,455000
844,2159 BECKETT DR,EL DORADO HILLS,95762,CA,3,2,0,Residential,460000
845,4320 FOUR SEASONS RD,PLACERVILLE,95667,CA,3,2,0,Residential,475000
846,6401 MARSHALL RD,GARDEN VALLEY,95633,CA,3,2,0,Residential,490000
847,2089 BECKETT DR,EL DORADO HILLS,95762,CA,4,2,0,Residential,493000
848,6196 EDGEHILL DR,EL DORADO HILLS,95762,CA,5,4,0,Residential,508000
849,200 HILLSFORD CT,ROSEVILLE,95747,CA,0,0,0,Residential,511000
850,8217 PLUMERIA AVE,FAIR OAKS,95628,CA,3,2,3173,Residential,525000
851,4841 VILLAGE GREEN DR,EL DORADO HILLS,95762,CA,4,3,0,Residential,533000
852,3863 LAS PASAS WAY,SACRAMENTO,95864,CA,3,1,1348,Residential,545000
853,820 DANA CT,AUBURN,95603,CA,4,3,0,Residential,560000
854,1165 37TH ST,SACRAMENTO,95816,CA,2,1,1252,Residential,575000
855,203 CASCADE FALLS DR,FOLSOM,95630,CA,4,3,3229,Residential,575000
856,9880 IZILDA CT,SACRAMENTO,95829,CA,5,4,3863,Residential,598695
857,1800 AVONDALE DR,ROSEVILLE,95747,CA,5,3,0,Residential,600000
858,4620 BROMWICH CT,ROCKLIN,95677,CA,4,3,0,Residential,600000
859,620 KESWICK CT,GRANITE BAY,95746,CA,4,3,2356,Residential,600000
860,4478 GREENBRAE RD,ROCKLIN,95677,CA,0,0,0,Residential,600000
861,8432 BRIGGS DR,ROSEVILLE,95747,CA,5,3,3579,Residential,610000
862,200 CRADLE MOUNTAIN CT,EL DORADO HILLS,95762,CA,0,0,0,Residential,622500
863,2065 IMPRESSIONIST WAY,EL DORADO HILLS,95762,CA,0,0,0,Residential,680000
864,2982 ABERDEEN LN,EL DORADO HILLS,95762,CA,4,3,0,Residential,879000
865,9401 BARREL RACER CT,WILTON,95693,CA,4,3,4400,Residential,884790
866,3720 VISTA DE MADERA,LINCOLN,95648,CA,3,3,0,Residential,1551
867,14151 INDIO DR,SLOUGHHOUSE,95683,CA,3,4,5822,Residential,2000
868,7401 TOULON LN,SACRAMENTO,95828,CA,4,2,1512,Residential,56950
869,9127 NEWHALL DR Unit 34,SACRAMENTO,95826,CA,1,1,611,Condo,60000
870,5937 BAMFORD DR,SACRAMENTO,95823,CA,2,1,876,Residential,61000
871,5672 HILLSDALE BLVD,SACRAMENTO,95842,CA,2,1,933,Condo,62000
872,3920 39TH ST,SACRAMENTO,95820,CA,2,1,864,Residential,68566
873,701 JESSIE AVE,SACRAMENTO,95838,CA,2,1,1011,Residential,70000
874,83 ARCADE BLVD,SACRAMENTO,95815,CA,4,2,1158,Residential,80000
875,601 REGGINALD WAY,SACRAMENTO,95838,CA,3,2,1092,Residential,85500
876,550 DEL VERDE CIR,SACRAMENTO,95833,CA,2,1,956,Condo,92000
877,4113 DAYSTAR CT,SACRAMENTO,95824,CA,2,2,1139,Residential,93600
878,7374 TISDALE WAY,SACRAMENTO,95822,CA,3,1,1058,Residential,95000
879,3348 RIO LINDA BLVD,SACRAMENTO,95838,CA,3,2,1040,Residential,97750
880,3935 LIMESTONE WAY,SACRAMENTO,95823,CA,3,2,1354,Residential,104000
881,6208 GRATTAN WAY,NORTH HIGHLANDS,95660,CA,3,1,1051,Residential,105000
882,739 E WOODSIDE LN Unit E,SACRAMENTO,95825,CA,1,1,682,Condo,107666
883,4225 46TH AVE,SACRAMENTO,95824,CA,3,1,1161,Residential,109000
884,1434 BELL AVE,SACRAMENTO,95838,CA,3,1,1004,Residential,110000
885,5628 GEORGIA DR,NORTH HIGHLANDS,95660,CA,3,1,1229,Residential,110000
886,7629 BETH ST,SACRAMENTO,95832,CA,3,2,1249,Residential,112500
887,2277 BABETTE WAY,SACRAMENTO,95832,CA,3,2,1161,Residential,114800
888,6561 WEATHERFORD WAY,SACRAMENTO,95823,CA,3,1,1010,Residential,116000
889,3035 ESTEPA DR Unit 5C,CAMERON PARK,95682,CA,0,0,0,Condo,119000
890,5136 CABOT CIR,SACRAMENTO,95820,CA,4,2,1462,Residential,121500
891,7730 ROBINETTE RD,SACRAMENTO,95828,CA,3,2,1269,Residential,122000
892,87 LACAM CIR,SACRAMENTO,95820,CA,2,2,1188,Residential,123675
893,1691 NOGALES ST,SACRAMENTO,95838,CA,4,2,1570,Residential,126854
894,3118 42ND ST,SACRAMENTO,95817,CA,3,2,1093,Residential,127059
895,7517 50TH AVE,SACRAMENTO,95828,CA,3,1,962,Residential,128687
896,4071 EVALITA WAY,SACRAMENTO,95823,CA,3,2,1089,Residential,129500
897,7928 36TH AVE,SACRAMENTO,95824,CA,3,2,1127,Residential,130000
898,6631 DEMARET DR,SACRAMENTO,95822,CA,4,2,1309,Residential,131750
899,7043 9TH AVE,RIO LINDA,95673,CA,2,1,970,Residential,132000
900,97 KENNELFORD CIR,SACRAMENTO,95823,CA,3,2,1144,Residential,134000
901,2636 TRONERO WAY,RANCHO CORDOVA,95670,CA,3,1,1000,Residential,134000
902,1530 TOPANGA LN Unit 204,LINCOLN,95648,CA,0,0,0,Condo,138000
903,3604 KODIAK WAY,ANTELOPE,95843,CA,3,2,1206,Residential,142000
904,2149 COTTAGE WAY,SACRAMENTO,95825,CA,3,1,1285,Residential,143012
905,8632 PRAIRIEWOODS DR,SACRAMENTO,95828,CA,3,2,1543,Residential,145846
906,612 STONE BLVD,WEST SACRAMENTO,95691,CA,2,1,884,Residential,147000
907,4180 12TH AVE,SACRAMENTO,95817,CA,3,1,1019,Residential,148750
908,8025 ARROYO VISTA DR,SACRAMENTO,95823,CA,4,2,1392,Residential,150000
909,5754 WALERGA RD Unit 4,SACRAMENTO,95842,CA,2,1,924,Condo,150454
910,8 LA ROCAS CT,SACRAMENTO,95823,CA,3,2,1217,Residential,151087
911,8636 LONGSPUR WAY,ANTELOPE,95843,CA,3,2,1670,Residential,157296
912,1941 EXPEDITION WAY,SACRAMENTO,95832,CA,3,2,1302,Residential,157500
913,4351 TURNBRIDGE DR,SACRAMENTO,95823,CA,3,2,1488,Residential,160000
914,6513 HOLIDAY WAY,NORTH HIGHLANDS,95660,CA,3,2,1373,Residential,160000
915,8321 MISTLETOE WAY,CITRUS HEIGHTS,95621,CA,4,2,1381,Residential,161250
916,5920 VALLEY GLEN WAY,SACRAMENTO,95823,CA,3,2,1265,Residential,164000
917,2601 SAN FERNANDO WAY,SACRAMENTO,95818,CA,2,1,881,Residential,165000
918,501 POPLAR AVE,WEST SACRAMENTO,95691,CA,0,0,0,Residential,165000
919,8008 SAINT HELENA CT,SACRAMENTO,95829,CA,4,2,1608,Residential,165750
920,6517 DONEGAL DR,CITRUS HEIGHTS,95621,CA,3,1,1344,Residential,166000
921,1001 RIO NORTE WAY,SACRAMENTO,95834,CA,3,2,1202,Residential,169000
922,604 P ST,LINCOLN,95648,CA,3,2,1104,Residential,170000
923,10001 WOODCREEK OAKS BLVD Unit 815,ROSEVILLE,95747,CA,2,2,0,Condo,170000
924,7351 GIGI PL,SACRAMENTO,95828,CA,4,2,1859,Multi-Family,170000
925,7740 DIXIE LOU ST,SACRAMENTO,95832,CA,3,2,1232,Residential,170000
926,7342 DAVE ST,SACRAMENTO,95828,CA,3,1,1638,Residential,170725
927,7687 HOWERTON DR,SACRAMENTO,95831,CA,2,2,1177,Residential,171750
928,26 KAMSON CT,SACRAMENTO,95833,CA,3,2,1582,Residential,172000
929,7045 PEEVEY CT,SACRAMENTO,95823,CA,2,2,904,Residential,173056
930,8916 GABLES MILL PL,ELK GROVE,95758,CA,3,2,1340,Residential,174000
931,1140 EDMONTON DR,SACRAMENTO,95833,CA,3,2,1204,Residential,174250
932,8879 APPLE PEAR CT,ELK GROVE,95624,CA,4,2,1477,Residential,176850
933,9 WIND CT,SACRAMENTO,95823,CA,4,2,1497,Residential,179500
934,8570 SHERATON DR,FAIR OAKS,95628,CA,3,1,960,Residential,185000
935,1550 TOPANGA LN Unit 207,LINCOLN,95648,CA,0,0,0,Condo,188000
936,1080 RIO NORTE WAY,SACRAMENTO,95834,CA,3,2,1428,Residential,188700
937,5501 VALLETTA WAY,SACRAMENTO,95820,CA,3,1,1039,Residential,189000
938,5624 MEMORY LN,FAIR OAKS,95628,CA,3,1,1529,Residential,189000
939,6622 WILLOWLEAF DR,CITRUS HEIGHTS,95621,CA,4,3,1892,Residential,189836
940,27 MEGAN CT,SACRAMENTO,95838,CA,4,2,1887,Residential,190000
941,6601 WOODMORE OAKS DR,ORANGEVALE,95662,CA,3,2,1294,Residential,191250
942,1973 DANVERS WAY,SACRAMENTO,95832,CA,3,2,1638,Residential,191675
943,8001 ARROYO VISTA DR,SACRAMENTO,95823,CA,3,2,1677,Residential,195500
944,7409 VOYAGER WAY,CITRUS HEIGHTS,95621,CA,3,1,1073,Residential,198000
945,815 CROSSWIND DR,SACRAMENTO,95838,CA,3,2,1231,Residential,200000
946,5509 LAGUNA CREST WAY,ELK GROVE,95758,CA,3,2,1175,Residential,200000
947,8424 MERRY HILL WAY,ELK GROVE,95624,CA,3,2,1416,Residential,200000
948,1525 PENNSYLVANIA AVE,WEST SACRAMENTO,95691,CA,0,0,0,Residential,200100
949,5954 BRIDGECROSS DR,SACRAMENTO,95835,CA,3,2,1358,Residential,201528
950,8789 SEQUOIA WOOD CT,ELK GROVE,95624,CA,4,2,1609,Residential,204750
951,6600 SILVERTHORNE CIR,SACRAMENTO,95842,CA,4,3,1968,Residential,205000
952,2221 2ND AVE,SACRAMENTO,95818,CA,2,2,1089,Residential,205000
953,3230 SMATHERS WAY,CARMICHAEL,95608,CA,3,2,1296,Residential,205900
954,5209 LAGUNA CREST WAY,ELK GROVE,95758,CA,2,2,1189,Residential,207000
955,416 LEITCH AVE,SACRAMENTO,95815,CA,2,1,795,Residential,207973
956,2100 BEATTY WAY,ROSEVILLE,95747,CA,3,2,1371,Residential,208250
957,6920 GILLINGHAM WAY,NORTH HIGHLANDS,95660,CA,3,1,1310,Residential,208318
958,82 WILDFLOWER DR,GALT,95632,CA,3,2,1262,Residential,209347
959,8652 BANTON CIR,ELK GROVE,95624,CA,4,2,1740,Residential,211500
960,8428 MISTY PASS WAY,ANTELOPE,95843,CA,3,2,1517,Residential,212000
961,7958 ROSEVIEW WAY,SACRAMENTO,95828,CA,3,2,1450,Residential,213000
962,9020 LUKEN CT,ELK GROVE,95624,CA,3,2,1416,Residential,216000
963,7809 VALLECITOS WAY,SACRAMENTO,95828,CA,3,1,888,Residential,216021
964,8445 OLD AUBURN RD,CITRUS HEIGHTS,95610,CA,3,2,1882,Residential,219000
965,10085 ATKINS DR,ELK GROVE,95757,CA,3,2,1302,Residential,219794
966,9185 CERROLINDA CIR,ELK GROVE,95758,CA,3,2,1418,Residential,220000
967,9197 CORTINA CIR,ROSEVILLE,95678,CA,3,2,0,Condo,220000
968,5429 HESPER WAY,CARMICHAEL,95608,CA,4,2,1319,Residential,220000
969,1178 WARMWOOD CT,GALT,95632,CA,4,2,1770,Residential,220000
970,4900 ELUDE CT,SACRAMENTO,95842,CA,4,2,1627,Residential,223000
971,3557 SODA WAY,SACRAMENTO,95834,CA,0,0,0,Residential,224000
972,3528 SAINT GEORGE DR,SACRAMENTO,95821,CA,3,1,1040,Residential,224000
973,7381 WASHBURN WAY,NORTH HIGHLANDS,95660,CA,3,1,960,Residential,224252
974,2181 WINTERHAVEN CIR,CAMERON PARK,95682,CA,3,2,0,Residential,224500
975,7540 HICKORY AVE,ORANGEVALE,95662,CA,3,1,1456,Residential,225000
976,5024 CHAMBERLIN CIR,ELK GROVE,95757,CA,3,2,1450,Residential,228000
977,2400 INVERNESS DR,LINCOLN,95648,CA,3,2,1358,Residential,229027
978,5 BISHOPGATE CT,SACRAMENTO,95823,CA,4,2,1329,Residential,229500
979,5601 REXLEIGH DR,SACRAMENTO,95823,CA,4,2,1715,Residential,230000
980,1909 YARNELL WAY,ELK GROVE,95758,CA,3,2,1262,Residential,230000
981,9169 GARLINGTON CT,SACRAMENTO,95829,CA,4,3,2280,Residential,232425
982,6932 RUSKUT WAY,SACRAMENTO,95823,CA,3,2,1477,Residential,234000
983,7933 DAFFODIL WAY,CITRUS HEIGHTS,95610,CA,3,2,1216,Residential,235000
984,8304 RED FOX WAY,ELK GROVE,95758,CA,4,2,1685,Residential,235301
985,3882 YELLOWSTONE LN,EL DORADO HILLS,95762,CA,3,2,1362,Residential,235738
